-- phpMyAdmin SQL Dump
-- version 4.6.4
-- https://www.phpmyadmin.net/
--
-- Client :  127.0.0.1
-- Généré le :  Ven 24 Mars 2017 à 13:05
-- Version du serveur :  5.7.14
-- Version de PHP :  5.6.25

SET SQL_MODE = "NO_AUTO_VALUE_ON_ZERO";
SET time_zone = "+00:00";


/*!40101 SET @OLD_CHARACTER_SET_CLIENT=@@CHARACTER_SET_CLIENT */;
/*!40101 SET @OLD_CHARACTER_SET_RESULTS=@@CHARACTER_SET_RESULTS */;
/*!40101 SET @OLD_COLLATION_CONNECTION=@@COLLATION_CONNECTION */;
/*!40101 SET NAMES utf8mb4 */;

--
-- Base de données :  `cinego`
--

-- --------------------------------------------------------

--
-- Structure de la table `ajouterproduit`
--

CREATE TABLE `ajouterproduit` (
  `quantite` int(11) DEFAULT NULL,
  `livrer` tinyint(1) DEFAULT NULL,
  `IdPlace` int(11) NOT NULL,
  `idProduit` int(11) NOT NULL
) ENGINE=InnoDB DEFAULT CHARSET=latin1;

-- --------------------------------------------------------

--
-- Structure de la table `casesalle`
--

CREATE TABLE `casesalle` (
  `idCaseSalle` int(11) NOT NULL,
  `nomSiegeCase` varchar(25) DEFAULT NULL,
  `idPlanSalle` int(11) DEFAULT NULL,
  `idPositionCase` int(11) DEFAULT NULL,
  `idTypeCase` int(11) DEFAULT NULL
) ENGINE=InnoDB DEFAULT CHARSET=latin1;

--
-- Contenu de la table `casesalle`
--

INSERT INTO `casesalle` (`idCaseSalle`, `nomSiegeCase`, `idPlanSalle`, `idPositionCase`, `idTypeCase`) VALUES
(1, 'null', 1, 1, 1),
(2, 'null', 1, 251, 2),
(3, 'null', 1, 156, 2),
(4, 'null', 1, 4, 4),
(5, 'null', 1, 254, 4),
(6, 'null', 1, 51, 5),
(7, 'null', 1, 101, 5),
(8, 'null', 1, 151, 5),
(9, 'null', 1, 201, 5),
(10, 'null', 1, 152, 3),
(11, 'null', 1, 153, 3),
(12, 'null', 1, 154, 3),
(13, 'null', 1, 155, 3),
(14, 'null', 1, 2, 8),
(15, 'null', 1, 52, 8),
(16, 'null', 1, 102, 8),
(17, 'null', 1, 202, 8),
(18, 'null', 1, 252, 8),
(19, 'null', 1, 3, 6),
(20, 'null', 1, 5, 6),
(21, 'null', 1, 6, 6),
(22, 'null', 1, 53, 6),
(23, 'null', 1, 54, 6),
(24, 'null', 1, 55, 6),
(25, 'null', 1, 56, 6),
(26, 'null', 1, 103, 6),
(27, 'null', 1, 104, 6),
(28, 'null', 1, 105, 6),
(29, 'null', 1, 106, 6),
(30, 'null', 1, 203, 6),
(31, 'null', 1, 204, 6),
(32, 'null', 1, 205, 6),
(33, 'null', 1, 206, 6),
(34, 'null', 1, 253, 6),
(35, 'null', 1, 255, 6),
(36, 'null', 1, 256, 6),
(37, 'null', 2, 1, 1),
(38, 'null', 2, 251, 2),
(39, 'null', 2, 156, 2),
(40, 'null', 2, 4, 4),
(41, 'null', 2, 254, 4),
(42, 'null', 2, 51, 5),
(43, 'null', 2, 101, 5),
(44, 'null', 2, 151, 5),
(45, 'null', 2, 201, 5),
(46, 'null', 2, 152, 3),
(47, 'null', 2, 153, 3),
(48, 'null', 2, 154, 3),
(49, 'null', 2, 155, 3),
(50, 'null', 2, 2, 8),
(51, 'null', 2, 52, 8),
(52, 'null', 2, 102, 8),
(53, 'null', 2, 202, 8),
(54, 'null', 2, 252, 8),
(55, 'null', 2, 3, 6),
(56, 'null', 2, 5, 6),
(57, 'null', 2, 6, 6),
(58, 'null', 2, 53, 6),
(59, 'null', 2, 54, 6),
(60, 'null', 2, 55, 6),
(61, 'null', 2, 56, 6),
(62, 'null', 2, 103, 6),
(63, 'null', 2, 104, 6),
(64, 'null', 2, 105, 6),
(65, 'null', 2, 106, 6),
(66, 'null', 2, 203, 6),
(67, 'null', 2, 204, 6),
(68, 'null', 2, 205, 6),
(69, 'null', 2, 206, 6),
(70, 'null', 2, 253, 6),
(71, 'null', 2, 255, 6),
(72, 'null', 2, 256, 6),
(73, 'null', 3, 1, 1),
(74, 'null', 3, 251, 2),
(75, 'null', 3, 156, 2),
(76, 'null', 3, 4, 4),
(77, 'null', 3, 254, 4),
(78, 'null', 3, 51, 5),
(79, 'null', 3, 101, 5),
(80, 'null', 3, 151, 5),
(81, 'null', 3, 201, 5),
(82, 'null', 3, 152, 3),
(83, 'null', 3, 153, 3),
(84, 'null', 3, 154, 3),
(85, 'null', 3, 155, 3),
(86, 'null', 3, 2, 8),
(87, 'null', 3, 52, 8),
(88, 'null', 3, 102, 8),
(89, 'null', 3, 202, 8),
(90, 'null', 3, 252, 8),
(91, 'null', 3, 3, 6),
(92, 'null', 3, 5, 6),
(93, 'null', 3, 6, 6),
(94, 'null', 3, 53, 6),
(95, 'null', 3, 54, 6),
(96, 'null', 3, 55, 6),
(97, 'null', 3, 56, 6),
(98, 'null', 3, 103, 6),
(99, 'null', 3, 104, 6),
(100, 'null', 3, 105, 6),
(101, 'null', 3, 106, 6),
(102, 'null', 3, 203, 6),
(103, 'null', 3, 204, 6),
(104, 'null', 3, 205, 6),
(105, 'null', 3, 206, 6),
(106, 'null', 3, 253, 6),
(107, 'null', 3, 255, 6),
(108, 'null', 3, 256, 6),
(109, 'null', 4, 1, 1),
(110, 'null', 4, 251, 2),
(111, 'null', 4, 156, 2),
(112, 'null', 4, 4, 4),
(113, 'null', 4, 254, 4),
(114, 'null', 4, 51, 5),
(115, 'null', 4, 101, 5),
(116, 'null', 4, 151, 5),
(117, 'null', 4, 201, 5),
(118, 'null', 4, 152, 3),
(119, 'null', 4, 153, 3),
(120, 'null', 4, 154, 3),
(121, 'null', 4, 155, 3),
(122, 'null', 4, 2, 8),
(123, 'null', 4, 52, 8),
(124, 'null', 4, 102, 8),
(125, 'null', 4, 202, 8),
(126, 'null', 4, 252, 8),
(127, 'null', 4, 3, 6),
(128, 'null', 4, 5, 6),
(129, 'null', 4, 6, 6),
(130, 'null', 4, 53, 6),
(131, 'null', 4, 54, 6),
(132, 'null', 4, 55, 6),
(133, 'null', 4, 56, 6),
(134, 'null', 4, 103, 6),
(135, 'null', 4, 104, 6),
(136, 'null', 4, 105, 6),
(137, 'null', 4, 106, 6),
(138, 'null', 4, 203, 6),
(139, 'null', 4, 204, 6),
(140, 'null', 4, 205, 6),
(141, 'null', 4, 206, 6),
(142, 'null', 4, 253, 6),
(143, 'null', 4, 255, 6),
(144, 'null', 4, 256, 6),
(145, 'null', 5, 1, 1),
(146, 'null', 5, 251, 2),
(147, 'null', 5, 156, 2),
(148, 'null', 5, 4, 4),
(149, 'null', 5, 254, 4),
(150, 'null', 5, 51, 5),
(151, 'null', 5, 101, 5),
(152, 'null', 5, 151, 5),
(153, 'null', 5, 201, 5),
(154, 'null', 5, 152, 3),
(155, 'null', 5, 153, 3),
(156, 'null', 5, 154, 3),
(157, 'null', 5, 155, 3),
(158, 'null', 5, 2, 8),
(159, 'null', 5, 52, 8),
(160, 'null', 5, 102, 8),
(161, 'null', 5, 202, 8),
(162, 'null', 5, 252, 8),
(163, 'null', 5, 3, 6),
(164, 'null', 5, 5, 6),
(165, 'null', 5, 6, 6),
(166, 'null', 5, 53, 6),
(167, 'null', 5, 54, 6),
(168, 'null', 5, 55, 6),
(169, 'null', 5, 56, 6),
(170, 'null', 5, 103, 6),
(171, 'null', 5, 104, 6),
(172, 'null', 5, 105, 6),
(173, 'null', 5, 106, 6),
(174, 'null', 5, 203, 6),
(175, 'null', 5, 204, 6),
(176, 'null', 5, 205, 6),
(177, 'null', 5, 206, 6),
(178, 'null', 5, 253, 6),
(179, 'null', 5, 255, 6),
(180, 'null', 5, 256, 6),
(181, 'null', 6, 1, 1),
(182, 'null', 6, 251, 2),
(183, 'null', 6, 156, 2),
(184, 'null', 6, 4, 4),
(185, 'null', 6, 254, 4),
(186, 'null', 6, 51, 5),
(187, 'null', 6, 101, 5),
(188, 'null', 6, 151, 5),
(189, 'null', 6, 201, 5),
(190, 'null', 6, 152, 3),
(191, 'null', 6, 153, 3),
(192, 'null', 6, 154, 3),
(193, 'null', 6, 155, 3),
(194, 'null', 6, 2, 8),
(195, 'null', 6, 52, 8),
(196, 'null', 6, 102, 8),
(197, 'null', 6, 202, 8),
(198, 'null', 6, 252, 8),
(199, 'null', 6, 3, 6),
(200, 'null', 6, 5, 6),
(201, 'null', 6, 6, 6),
(202, 'null', 6, 53, 6),
(203, 'null', 6, 54, 6),
(204, 'null', 6, 55, 6),
(205, 'null', 6, 56, 6),
(206, 'null', 6, 103, 6),
(207, 'null', 6, 104, 6),
(208, 'null', 6, 105, 6),
(209, 'null', 6, 106, 6),
(210, 'null', 6, 203, 6),
(211, 'null', 6, 204, 6),
(212, 'null', 6, 205, 6),
(213, 'null', 6, 206, 6),
(214, 'null', 6, 253, 6),
(215, 'null', 6, 255, 6),
(216, 'null', 6, 256, 6);

-- --------------------------------------------------------

--
-- Structure de la table `cinema`
--

CREATE TABLE `cinema` (
  `idCinema` int(11) NOT NULL,
  `nomCine` varchar(25) DEFAULT NULL,
  `nVoieCine` varchar(25) DEFAULT NULL,
  `idVille` int(11) DEFAULT NULL
) ENGINE=InnoDB DEFAULT CHARSET=latin1;

--
-- Contenu de la table `cinema`
--

INSERT INTO `cinema` (`idCinema`, `nomCine`, `nVoieCine`, `idVille`) VALUES
(1, 'CineGo Labège', '3 rue des Pommes de Terre', 1),
(2, 'CineGo Wilson', '1 place Wilson', 2);

-- --------------------------------------------------------

--
-- Structure de la table `client`
--

CREATE TABLE `client` (
  `idClient` int(11) NOT NULL,
  `loginClient` varchar(25) DEFAULT NULL,
  `mdpClient` varchar(256) DEFAULT NULL,
  `mailClient` varchar(25) DEFAULT NULL,
  `telephoneClient` varchar(25) DEFAULT NULL,
  `nomClient` varchar(25) DEFAULT NULL,
  `prenomClient` varchar(25) DEFAULT NULL,
  `ageClient` int(11) DEFAULT NULL,
  `nVoieClient` varchar(25) DEFAULT NULL,
  `sexeClient` varchar(25) DEFAULT NULL,
  `codeFideliteClient` varchar(25) DEFAULT NULL,
  `adminClient` tinyint(1) DEFAULT NULL,
  `idVille` int(11) DEFAULT NULL
) ENGINE=InnoDB DEFAULT CHARSET=latin1;

--
-- Contenu de la table `client`
--

INSERT INTO `client` (`idClient`, `loginClient`, `mdpClient`, `mailClient`, `telephoneClient`, `nomClient`, `prenomClient`, `ageClient`, `nVoieClient`, `sexeClient`, `codeFideliteClient`, `adminClient`, `idVille`) VALUES
(1, 'tcazals', 'ab4f63f9ac65152575886860dde480a1', 'tcaz@cesi.fr', '0565258852', 'Cazals', 'Thomas', 29, '20 rue des pommiers', 'M', '56845848', 1, 2),
(2, 'test', '098f6bcd4621d373cade4e832627b4f6', 'tcaz@cesi.fr', '0565258852', 'Cazals', 'Thomas', 29, '20 rue des pommiers', 'M', '56845848', 1, 2),
(3, 'user', 'ee11cbb19052e40b07aac0ca060c23ee', 'tcaz@cesi.fr', '0565258852', 'Cazals', 'Thomas', 29, '20 rue des pommiers', 'M', '56845848', 0, 2),
(4, 'Mat', '81dc9bdb52d04dc20036dbd8313ed055', 'mattuning@gmail.com', '05065458485', 'Vilela Martins', 'Mathieu', 32, '25 route des bambous', 'M', '452454524242', 0, 4);

-- --------------------------------------------------------

--
-- Structure de la table `composerplace`
--

CREATE TABLE `composerplace` (
  `IdPlace` int(11) NOT NULL,
  `idCaseSalle` int(11) NOT NULL,
  `idSeance` int(11) NOT NULL
) ENGINE=InnoDB DEFAULT CHARSET=latin1;

-- --------------------------------------------------------

--
-- Structure de la table `creerseance`
--

CREATE TABLE `creerseance` (
  `idCreneau` int(11) NOT NULL,
  `idPlanSalle` int(11) NOT NULL,
  `idDate` int(11) NOT NULL,
  `idSeance` int(11) NOT NULL
) ENGINE=InnoDB DEFAULT CHARSET=latin1;

--
-- Contenu de la table `creerseance`
--

INSERT INTO `creerseance` (`idCreneau`, `idPlanSalle`, `idDate`, `idSeance`) VALUES
(1, 1, 1, 1),
(1, 2, 1, 2),
(1, 3, 1, 811),
(1, 4, 1, 3),
(1, 5, 1, 812),
(1, 6, 1, 813),
(2, 1, 1, 4),
(2, 2, 1, 5),
(2, 3, 1, 814),
(2, 4, 1, 6),
(2, 5, 1, 815),
(2, 6, 1, 816),
(3, 1, 1, 7),
(3, 2, 1, 8),
(3, 3, 1, 817),
(3, 4, 1, 9),
(3, 5, 1, 818),
(3, 6, 1, 819),
(1, 1, 2, 10),
(1, 2, 2, 11),
(1, 3, 2, 820),
(1, 4, 2, 12),
(1, 5, 2, 821),
(1, 6, 2, 822),
(2, 1, 2, 13),
(2, 2, 2, 14),
(2, 3, 2, 823),
(2, 4, 2, 15),
(2, 5, 2, 824),
(2, 6, 2, 825),
(3, 1, 2, 16),
(3, 2, 2, 17),
(3, 3, 2, 826),
(3, 4, 2, 18),
(3, 5, 2, 827),
(3, 6, 2, 828),
(1, 1, 3, 19),
(1, 2, 3, 20),
(1, 3, 3, 829),
(1, 4, 3, 21),
(1, 5, 3, 830),
(1, 6, 3, 831),
(2, 1, 3, 22),
(2, 2, 3, 23),
(2, 3, 3, 832),
(2, 4, 3, 24),
(2, 5, 3, 833),
(2, 6, 3, 834),
(3, 1, 3, 25),
(3, 2, 3, 26),
(3, 3, 3, 835),
(3, 4, 3, 27),
(3, 5, 3, 836),
(3, 6, 3, 837),
(1, 1, 4, 28),
(1, 2, 4, 29),
(1, 3, 4, 838),
(1, 4, 4, 30),
(1, 5, 4, 839),
(1, 6, 4, 840),
(2, 1, 4, 31),
(2, 2, 4, 32),
(2, 3, 4, 841),
(2, 4, 4, 33),
(2, 5, 4, 842),
(2, 6, 4, 843),
(3, 1, 4, 34),
(3, 2, 4, 35),
(3, 3, 4, 844),
(3, 4, 4, 36),
(3, 5, 4, 845),
(3, 6, 4, 846),
(1, 1, 5, 37),
(1, 2, 5, 38),
(1, 3, 5, 847),
(1, 4, 5, 39),
(1, 5, 5, 848),
(1, 6, 5, 849),
(2, 1, 5, 40),
(2, 2, 5, 41),
(2, 3, 5, 850),
(2, 4, 5, 42),
(2, 5, 5, 851),
(2, 6, 5, 852),
(3, 1, 5, 43),
(3, 2, 5, 44),
(3, 3, 5, 853),
(3, 4, 5, 45),
(3, 5, 5, 854),
(3, 6, 5, 855),
(1, 1, 6, 46),
(1, 2, 6, 47),
(1, 3, 6, 856),
(1, 4, 6, 48),
(1, 5, 6, 857),
(1, 6, 6, 858),
(2, 1, 6, 49),
(2, 2, 6, 50),
(2, 3, 6, 859),
(2, 4, 6, 51),
(2, 5, 6, 860),
(2, 6, 6, 861),
(3, 1, 6, 52),
(3, 2, 6, 53),
(3, 3, 6, 862),
(3, 4, 6, 54),
(3, 5, 6, 863),
(3, 6, 6, 864),
(1, 1, 7, 55),
(1, 2, 7, 56),
(1, 3, 7, 865),
(1, 4, 7, 57),
(1, 5, 7, 866),
(1, 6, 7, 867),
(2, 1, 7, 58),
(2, 2, 7, 59),
(2, 3, 7, 868),
(2, 4, 7, 60),
(2, 5, 7, 869),
(2, 6, 7, 870),
(3, 1, 7, 61),
(3, 2, 7, 62),
(3, 3, 7, 871),
(3, 4, 7, 63),
(3, 5, 7, 872),
(3, 6, 7, 873),
(1, 1, 8, 64),
(1, 2, 8, 65),
(1, 3, 8, 874),
(1, 4, 8, 66),
(1, 5, 8, 875),
(1, 6, 8, 876),
(2, 1, 8, 67),
(2, 2, 8, 68),
(2, 3, 8, 877),
(2, 4, 8, 69),
(2, 5, 8, 878),
(2, 6, 8, 879),
(3, 1, 8, 70),
(3, 2, 8, 71),
(3, 3, 8, 880),
(3, 4, 8, 72),
(3, 5, 8, 881),
(3, 6, 8, 882),
(1, 1, 9, 73),
(1, 2, 9, 74),
(1, 3, 9, 883),
(1, 4, 9, 75),
(1, 5, 9, 884),
(1, 6, 9, 885),
(2, 1, 9, 76),
(2, 2, 9, 77),
(2, 3, 9, 886),
(2, 4, 9, 78),
(2, 5, 9, 887),
(2, 6, 9, 888),
(3, 1, 9, 79),
(3, 2, 9, 80),
(3, 3, 9, 889),
(3, 4, 9, 81),
(3, 5, 9, 890),
(3, 6, 9, 891),
(1, 1, 10, 82),
(1, 2, 10, 83),
(1, 3, 10, 892),
(1, 4, 10, 84),
(1, 5, 10, 893),
(1, 6, 10, 894),
(2, 1, 10, 85),
(2, 2, 10, 86),
(2, 3, 10, 895),
(2, 4, 10, 87),
(2, 5, 10, 896),
(2, 6, 10, 897),
(3, 1, 10, 88),
(3, 2, 10, 89),
(3, 3, 10, 898),
(3, 4, 10, 90),
(3, 5, 10, 899),
(3, 6, 10, 900),
(1, 1, 11, 91),
(1, 2, 11, 92),
(1, 3, 11, 901),
(1, 4, 11, 93),
(1, 5, 11, 902),
(1, 6, 11, 903),
(2, 1, 11, 94),
(2, 2, 11, 95),
(2, 3, 11, 904),
(2, 4, 11, 96),
(2, 5, 11, 905),
(2, 6, 11, 906),
(3, 1, 11, 97),
(3, 2, 11, 98),
(3, 3, 11, 907),
(3, 4, 11, 99),
(3, 5, 11, 908),
(3, 6, 11, 909),
(1, 1, 12, 100),
(1, 2, 12, 101),
(1, 3, 12, 910),
(1, 4, 12, 102),
(1, 5, 12, 911),
(1, 6, 12, 912),
(2, 1, 12, 103),
(2, 2, 12, 104),
(2, 3, 12, 913),
(2, 4, 12, 105),
(2, 5, 12, 914),
(2, 6, 12, 915),
(3, 1, 12, 106),
(3, 2, 12, 107),
(3, 3, 12, 916),
(3, 4, 12, 108),
(3, 5, 12, 917),
(3, 6, 12, 918),
(1, 1, 13, 109),
(1, 2, 13, 110),
(1, 3, 13, 919),
(1, 4, 13, 111),
(1, 5, 13, 920),
(1, 6, 13, 921),
(2, 1, 13, 112),
(2, 2, 13, 113),
(2, 3, 13, 922),
(2, 4, 13, 114),
(2, 5, 13, 923),
(2, 6, 13, 924),
(3, 1, 13, 115),
(3, 2, 13, 116),
(3, 3, 13, 925),
(3, 4, 13, 117),
(3, 5, 13, 926),
(3, 6, 13, 927),
(1, 1, 14, 118),
(1, 2, 14, 119),
(1, 3, 14, 928),
(1, 4, 14, 120),
(1, 5, 14, 929),
(1, 6, 14, 930),
(2, 1, 14, 121),
(2, 2, 14, 122),
(2, 3, 14, 931),
(2, 4, 14, 123),
(2, 5, 14, 932),
(2, 6, 14, 933),
(3, 1, 14, 124),
(3, 2, 14, 125),
(3, 3, 14, 934),
(3, 4, 14, 126),
(3, 5, 14, 935),
(3, 6, 14, 936),
(1, 1, 15, 127),
(1, 2, 15, 128),
(1, 3, 15, 937),
(1, 4, 15, 129),
(1, 5, 15, 938),
(1, 6, 15, 939),
(2, 1, 15, 130),
(2, 2, 15, 131),
(2, 3, 15, 940),
(2, 4, 15, 132),
(2, 5, 15, 941),
(2, 6, 15, 942),
(3, 1, 15, 133),
(3, 2, 15, 134),
(3, 3, 15, 943),
(3, 4, 15, 135),
(3, 5, 15, 944),
(3, 6, 15, 945),
(1, 1, 16, 136),
(1, 2, 16, 137),
(1, 3, 16, 946),
(1, 4, 16, 138),
(1, 5, 16, 947),
(1, 6, 16, 948),
(2, 1, 16, 139),
(2, 2, 16, 140),
(2, 3, 16, 949),
(2, 4, 16, 141),
(2, 5, 16, 950),
(2, 6, 16, 951),
(3, 1, 16, 142),
(3, 2, 16, 143),
(3, 3, 16, 952),
(3, 4, 16, 144),
(3, 5, 16, 953),
(3, 6, 16, 954),
(1, 1, 17, 145),
(1, 2, 17, 146),
(1, 3, 17, 955),
(1, 4, 17, 147),
(1, 5, 17, 956),
(1, 6, 17, 957),
(2, 1, 17, 148),
(2, 2, 17, 149),
(2, 3, 17, 958),
(2, 4, 17, 150),
(2, 5, 17, 959),
(2, 6, 17, 960),
(3, 1, 17, 151),
(3, 2, 17, 152),
(3, 3, 17, 961),
(3, 4, 17, 153),
(3, 5, 17, 962),
(3, 6, 17, 963),
(1, 1, 18, 154),
(1, 2, 18, 155),
(1, 3, 18, 964),
(1, 4, 18, 156),
(1, 5, 18, 965),
(1, 6, 18, 966),
(2, 1, 18, 157),
(2, 2, 18, 158),
(2, 3, 18, 967),
(2, 4, 18, 159),
(2, 5, 18, 968),
(2, 6, 18, 969),
(3, 1, 18, 160),
(3, 2, 18, 161),
(3, 3, 18, 970),
(3, 4, 18, 162),
(3, 5, 18, 971),
(3, 6, 18, 972),
(1, 1, 19, 163),
(1, 2, 19, 164),
(1, 3, 19, 973),
(1, 4, 19, 165),
(1, 5, 19, 974),
(1, 6, 19, 975),
(2, 1, 19, 166),
(2, 2, 19, 167),
(2, 3, 19, 976),
(2, 4, 19, 168),
(2, 5, 19, 977),
(2, 6, 19, 978),
(3, 1, 19, 169),
(3, 2, 19, 170),
(3, 3, 19, 979),
(3, 4, 19, 171),
(3, 5, 19, 980),
(3, 6, 19, 981),
(1, 1, 20, 172),
(1, 2, 20, 173),
(1, 3, 20, 982),
(1, 4, 20, 174),
(1, 5, 20, 983),
(1, 6, 20, 984),
(2, 1, 20, 175),
(2, 2, 20, 176),
(2, 3, 20, 985),
(2, 4, 20, 177),
(2, 5, 20, 986),
(2, 6, 20, 987),
(3, 1, 20, 178),
(3, 2, 20, 179),
(3, 3, 20, 988),
(3, 4, 20, 180),
(3, 5, 20, 989),
(3, 6, 20, 990),
(1, 1, 21, 181),
(1, 2, 21, 182),
(1, 3, 21, 991),
(1, 4, 21, 183),
(1, 5, 21, 992),
(1, 6, 21, 993),
(2, 1, 21, 184),
(2, 2, 21, 185),
(2, 3, 21, 994),
(2, 4, 21, 186),
(2, 5, 21, 995),
(2, 6, 21, 996),
(3, 1, 21, 187),
(3, 2, 21, 188),
(3, 3, 21, 997),
(3, 4, 21, 189),
(3, 5, 21, 998),
(3, 6, 21, 999),
(1, 1, 22, 190),
(1, 2, 22, 191),
(1, 3, 22, 1000),
(1, 4, 22, 192),
(1, 5, 22, 1001),
(1, 6, 22, 1002),
(2, 1, 22, 193),
(2, 2, 22, 194),
(2, 3, 22, 1003),
(2, 4, 22, 195),
(2, 5, 22, 1004),
(2, 6, 22, 1005),
(3, 1, 22, 196),
(3, 2, 22, 197),
(3, 3, 22, 1006),
(3, 4, 22, 198),
(3, 5, 22, 1007),
(3, 6, 22, 1008),
(1, 1, 23, 199),
(1, 2, 23, 200),
(1, 3, 23, 1009),
(1, 4, 23, 201),
(1, 5, 23, 1010),
(1, 6, 23, 1011),
(2, 1, 23, 202),
(2, 2, 23, 203),
(2, 3, 23, 1012),
(2, 4, 23, 204),
(2, 5, 23, 1013),
(2, 6, 23, 1014),
(3, 1, 23, 205),
(3, 2, 23, 206),
(3, 3, 23, 1015),
(3, 4, 23, 207),
(3, 5, 23, 1016),
(3, 6, 23, 1017),
(1, 1, 24, 208),
(1, 2, 24, 209),
(1, 3, 24, 1018),
(1, 4, 24, 210),
(1, 5, 24, 1019),
(1, 6, 24, 1020),
(2, 1, 24, 211),
(2, 2, 24, 212),
(2, 3, 24, 1021),
(2, 4, 24, 213),
(2, 5, 24, 1022),
(2, 6, 24, 1023),
(3, 1, 24, 214),
(3, 2, 24, 215),
(3, 3, 24, 1024),
(3, 4, 24, 216),
(3, 5, 24, 1025),
(3, 6, 24, 1026),
(1, 1, 25, 217),
(1, 2, 25, 218),
(1, 3, 25, 1027),
(1, 4, 25, 219),
(1, 5, 25, 1028),
(1, 6, 25, 1029),
(2, 1, 25, 220),
(2, 2, 25, 221),
(2, 3, 25, 1030),
(2, 4, 25, 222),
(2, 5, 25, 1031),
(2, 6, 25, 1032),
(3, 1, 25, 223),
(3, 2, 25, 224),
(3, 3, 25, 1033),
(3, 4, 25, 225),
(3, 5, 25, 1034),
(3, 6, 25, 1035),
(1, 1, 26, 226),
(1, 2, 26, 227),
(1, 3, 26, 1036),
(1, 4, 26, 228),
(1, 5, 26, 1037),
(1, 6, 26, 1038),
(2, 1, 26, 229),
(2, 2, 26, 230),
(2, 3, 26, 1039),
(2, 4, 26, 231),
(2, 5, 26, 1040),
(2, 6, 26, 1041),
(3, 1, 26, 232),
(3, 2, 26, 233),
(3, 3, 26, 1042),
(3, 4, 26, 234),
(3, 5, 26, 1043),
(3, 6, 26, 1044),
(1, 1, 27, 235),
(1, 2, 27, 236),
(1, 3, 27, 1045),
(1, 4, 27, 237),
(1, 5, 27, 1046),
(1, 6, 27, 1047),
(2, 1, 27, 238),
(2, 2, 27, 239),
(2, 3, 27, 1048),
(2, 4, 27, 240),
(2, 5, 27, 1049),
(2, 6, 27, 1050),
(3, 1, 27, 241),
(3, 2, 27, 242),
(3, 3, 27, 1051),
(3, 4, 27, 243),
(3, 5, 27, 1052),
(3, 6, 27, 1053),
(1, 1, 28, 244),
(1, 2, 28, 245),
(1, 3, 28, 1054),
(1, 4, 28, 246),
(1, 5, 28, 1055),
(1, 6, 28, 1056),
(2, 1, 28, 247),
(2, 2, 28, 248),
(2, 3, 28, 1057),
(2, 4, 28, 249),
(2, 5, 28, 1058),
(2, 6, 28, 1059),
(3, 1, 28, 250),
(3, 2, 28, 251),
(3, 3, 28, 1060),
(3, 4, 28, 252),
(3, 5, 28, 1061),
(3, 6, 28, 1062),
(1, 1, 29, 253),
(1, 2, 29, 254),
(1, 3, 29, 1063),
(1, 4, 29, 255),
(1, 5, 29, 1064),
(1, 6, 29, 1065),
(2, 1, 29, 256),
(2, 2, 29, 257),
(2, 3, 29, 1066),
(2, 4, 29, 258),
(2, 5, 29, 1067),
(2, 6, 29, 1068),
(3, 1, 29, 259),
(3, 2, 29, 260),
(3, 3, 29, 1069),
(3, 4, 29, 261),
(3, 5, 29, 1070),
(3, 6, 29, 1071),
(1, 1, 30, 262),
(1, 2, 30, 263),
(1, 3, 30, 1072),
(1, 4, 30, 264),
(1, 5, 30, 1073),
(1, 6, 30, 1074),
(2, 1, 30, 265),
(2, 2, 30, 266),
(2, 3, 30, 1075),
(2, 4, 30, 267),
(2, 5, 30, 1076),
(2, 6, 30, 1077),
(3, 1, 30, 268),
(3, 2, 30, 269),
(3, 3, 30, 1078),
(3, 4, 30, 270),
(3, 5, 30, 1079),
(3, 6, 30, 1080),
(1, 1, 31, 271),
(1, 2, 31, 272),
(1, 3, 31, 1081),
(1, 4, 31, 273),
(1, 5, 31, 1082),
(1, 6, 31, 1083),
(2, 1, 31, 274),
(2, 2, 31, 275),
(2, 3, 31, 1084),
(2, 4, 31, 276),
(2, 5, 31, 1085),
(2, 6, 31, 1086),
(3, 1, 31, 277),
(3, 2, 31, 278),
(3, 3, 31, 1087),
(3, 4, 31, 279),
(3, 5, 31, 1088),
(3, 6, 31, 1089),
(1, 1, 32, 280),
(1, 2, 32, 281),
(1, 3, 32, 1090),
(1, 4, 32, 282),
(1, 5, 32, 1091),
(1, 6, 32, 1092),
(2, 1, 32, 283),
(2, 2, 32, 284),
(2, 3, 32, 1093),
(2, 4, 32, 285),
(2, 5, 32, 1094),
(2, 6, 32, 1095),
(3, 1, 32, 286),
(3, 2, 32, 287),
(3, 3, 32, 1096),
(3, 4, 32, 288),
(3, 5, 32, 1097),
(3, 6, 32, 1098),
(1, 1, 33, 289),
(1, 2, 33, 290),
(1, 3, 33, 1099),
(1, 4, 33, 291),
(1, 5, 33, 1100),
(1, 6, 33, 1101),
(2, 1, 33, 292),
(2, 2, 33, 293),
(2, 3, 33, 1102),
(2, 4, 33, 294),
(2, 5, 33, 1103),
(2, 6, 33, 1104),
(3, 1, 33, 295),
(3, 2, 33, 296),
(3, 3, 33, 1105),
(3, 4, 33, 297),
(3, 5, 33, 1106),
(3, 6, 33, 1107),
(1, 1, 34, 298),
(1, 2, 34, 299),
(1, 3, 34, 1108),
(1, 4, 34, 300),
(1, 5, 34, 1109),
(1, 6, 34, 1110),
(2, 1, 34, 301),
(2, 2, 34, 302),
(2, 3, 34, 1111),
(2, 4, 34, 303),
(2, 5, 34, 1112),
(2, 6, 34, 1113),
(3, 1, 34, 304),
(3, 2, 34, 305),
(3, 3, 34, 1114),
(3, 4, 34, 306),
(3, 5, 34, 1115),
(3, 6, 34, 1116),
(1, 1, 35, 307),
(1, 2, 35, 308),
(1, 3, 35, 1117),
(1, 4, 35, 309),
(1, 5, 35, 1118),
(1, 6, 35, 1119),
(2, 1, 35, 310),
(2, 2, 35, 311),
(2, 3, 35, 1120),
(2, 4, 35, 312),
(2, 5, 35, 1121),
(2, 6, 35, 1122),
(3, 1, 35, 313),
(3, 2, 35, 314),
(3, 3, 35, 1123),
(3, 4, 35, 315),
(3, 5, 35, 1124),
(3, 6, 35, 1125),
(1, 1, 36, 316),
(1, 2, 36, 317),
(1, 3, 36, 1126),
(1, 4, 36, 318),
(1, 5, 36, 1127),
(1, 6, 36, 1128),
(2, 1, 36, 319),
(2, 2, 36, 320),
(2, 3, 36, 1129),
(2, 4, 36, 321),
(2, 5, 36, 1130),
(2, 6, 36, 1131),
(3, 1, 36, 322),
(3, 2, 36, 323),
(3, 3, 36, 1132),
(3, 4, 36, 324),
(3, 5, 36, 1133),
(3, 6, 36, 1134),
(1, 1, 37, 325),
(1, 2, 37, 326),
(1, 3, 37, 1135),
(1, 4, 37, 327),
(1, 5, 37, 1136),
(1, 6, 37, 1137),
(2, 1, 37, 328),
(2, 2, 37, 329),
(2, 3, 37, 1138),
(2, 4, 37, 330),
(2, 5, 37, 1139),
(2, 6, 37, 1140),
(3, 1, 37, 331),
(3, 2, 37, 332),
(3, 3, 37, 1141),
(3, 4, 37, 333),
(3, 5, 37, 1142),
(3, 6, 37, 1143),
(1, 1, 38, 334),
(1, 2, 38, 335),
(1, 3, 38, 1144),
(1, 4, 38, 336),
(1, 5, 38, 1145),
(1, 6, 38, 1146),
(2, 1, 38, 337),
(2, 2, 38, 338),
(2, 3, 38, 1147),
(2, 4, 38, 339),
(2, 5, 38, 1148),
(2, 6, 38, 1149),
(3, 1, 38, 340),
(3, 2, 38, 341),
(3, 3, 38, 1150),
(3, 4, 38, 342),
(3, 5, 38, 1151),
(3, 6, 38, 1152),
(1, 1, 39, 343),
(1, 2, 39, 344),
(1, 3, 39, 1153),
(1, 4, 39, 345),
(1, 5, 39, 1154),
(1, 6, 39, 1155),
(2, 1, 39, 346),
(2, 2, 39, 347),
(2, 3, 39, 1156),
(2, 4, 39, 348),
(2, 5, 39, 1157),
(2, 6, 39, 1158),
(3, 1, 39, 349),
(3, 2, 39, 350),
(3, 3, 39, 1159),
(3, 4, 39, 351),
(3, 5, 39, 1160),
(3, 6, 39, 1161),
(1, 1, 40, 352),
(1, 2, 40, 353),
(1, 3, 40, 1162),
(1, 4, 40, 354),
(1, 5, 40, 1163),
(1, 6, 40, 1164),
(2, 1, 40, 355),
(2, 2, 40, 356),
(2, 3, 40, 1165),
(2, 4, 40, 357),
(2, 5, 40, 1166),
(2, 6, 40, 1167),
(3, 1, 40, 358),
(3, 2, 40, 359),
(3, 3, 40, 1168),
(3, 4, 40, 360),
(3, 5, 40, 1169),
(3, 6, 40, 1170),
(1, 1, 41, 361),
(1, 2, 41, 362),
(1, 3, 41, 1171),
(1, 4, 41, 363),
(1, 5, 41, 1172),
(1, 6, 41, 1173),
(2, 1, 41, 364),
(2, 2, 41, 365),
(2, 3, 41, 1174),
(2, 4, 41, 366),
(2, 5, 41, 1175),
(2, 6, 41, 1176),
(3, 1, 41, 367),
(3, 2, 41, 368),
(3, 3, 41, 1177),
(3, 4, 41, 369),
(3, 5, 41, 1178),
(3, 6, 41, 1179),
(1, 1, 42, 370),
(1, 2, 42, 371),
(1, 3, 42, 1180),
(1, 4, 42, 372),
(1, 5, 42, 1181),
(1, 6, 42, 1182),
(2, 1, 42, 373),
(2, 2, 42, 374),
(2, 3, 42, 1183),
(2, 4, 42, 375),
(2, 5, 42, 1184),
(2, 6, 42, 1185),
(3, 1, 42, 376),
(3, 2, 42, 377),
(3, 3, 42, 1186),
(3, 4, 42, 378),
(3, 5, 42, 1187),
(3, 6, 42, 1188),
(1, 1, 43, 379),
(1, 2, 43, 380),
(1, 3, 43, 1189),
(1, 4, 43, 381),
(1, 5, 43, 1190),
(1, 6, 43, 1191),
(2, 1, 43, 382),
(2, 2, 43, 383),
(2, 3, 43, 1192),
(2, 4, 43, 384),
(2, 5, 43, 1193),
(2, 6, 43, 1194),
(3, 1, 43, 385),
(3, 2, 43, 386),
(3, 3, 43, 1195),
(3, 4, 43, 387),
(3, 5, 43, 1196),
(3, 6, 43, 1197),
(1, 1, 44, 388),
(1, 2, 44, 389),
(1, 3, 44, 1198),
(1, 4, 44, 390),
(1, 5, 44, 1199),
(1, 6, 44, 1200),
(2, 1, 44, 391),
(2, 2, 44, 392),
(2, 3, 44, 1201),
(2, 4, 44, 393),
(2, 5, 44, 1202),
(2, 6, 44, 1203),
(3, 1, 44, 394),
(3, 2, 44, 395),
(3, 3, 44, 1204),
(3, 4, 44, 396),
(3, 5, 44, 1205),
(3, 6, 44, 1206),
(1, 1, 45, 397),
(1, 2, 45, 398),
(1, 3, 45, 1207),
(1, 4, 45, 399),
(1, 5, 45, 1208),
(1, 6, 45, 1209),
(2, 1, 45, 400),
(2, 2, 45, 401),
(2, 3, 45, 1210),
(2, 4, 45, 402),
(2, 5, 45, 1211),
(2, 6, 45, 1212),
(3, 1, 45, 403),
(3, 2, 45, 404),
(3, 3, 45, 1213),
(3, 4, 45, 405),
(3, 5, 45, 1214),
(3, 6, 45, 1215),
(1, 1, 46, 406),
(1, 2, 46, 407),
(1, 3, 46, 1216),
(1, 4, 46, 408),
(1, 5, 46, 1217),
(1, 6, 46, 1218),
(2, 1, 46, 409),
(2, 2, 46, 410),
(2, 3, 46, 1219),
(2, 4, 46, 411),
(2, 5, 46, 1220),
(2, 6, 46, 1221),
(3, 1, 46, 412),
(3, 2, 46, 413),
(3, 3, 46, 1222),
(3, 4, 46, 414),
(3, 5, 46, 1223),
(3, 6, 46, 1224),
(1, 1, 47, 415),
(1, 2, 47, 416),
(1, 3, 47, 1225),
(1, 4, 47, 417),
(1, 5, 47, 1226),
(1, 6, 47, 1227),
(2, 1, 47, 418),
(2, 2, 47, 419),
(2, 3, 47, 1228),
(2, 4, 47, 420),
(2, 5, 47, 1229),
(2, 6, 47, 1230),
(3, 1, 47, 421),
(3, 2, 47, 422),
(3, 3, 47, 1231),
(3, 4, 47, 423),
(3, 5, 47, 1232),
(3, 6, 47, 1233),
(1, 1, 48, 424),
(1, 2, 48, 425),
(1, 3, 48, 1234),
(1, 4, 48, 426),
(1, 5, 48, 1235),
(1, 6, 48, 1236),
(2, 1, 48, 427),
(2, 2, 48, 428),
(2, 3, 48, 1237),
(2, 4, 48, 429),
(2, 5, 48, 1238),
(2, 6, 48, 1239),
(3, 1, 48, 430),
(3, 2, 48, 431),
(3, 3, 48, 1240),
(3, 4, 48, 432),
(3, 5, 48, 1241),
(3, 6, 48, 1242),
(1, 1, 49, 433),
(1, 2, 49, 434),
(1, 3, 49, 1243),
(1, 4, 49, 435),
(1, 5, 49, 1244),
(1, 6, 49, 1245),
(2, 1, 49, 436),
(2, 2, 49, 437),
(2, 3, 49, 1246),
(2, 4, 49, 438),
(2, 5, 49, 1247),
(2, 6, 49, 1248),
(3, 1, 49, 439),
(3, 2, 49, 440),
(3, 3, 49, 1249),
(3, 4, 49, 441),
(3, 5, 49, 1250),
(3, 6, 49, 1251),
(1, 1, 50, 442),
(1, 2, 50, 443),
(1, 3, 50, 1252),
(1, 4, 50, 444),
(1, 5, 50, 1253),
(1, 6, 50, 1254),
(2, 1, 50, 445),
(2, 2, 50, 446),
(2, 3, 50, 1255),
(2, 4, 50, 447),
(2, 5, 50, 1256),
(2, 6, 50, 1257),
(3, 1, 50, 448),
(3, 2, 50, 449),
(3, 3, 50, 1258),
(3, 4, 50, 450),
(3, 5, 50, 1259),
(3, 6, 50, 1260),
(1, 1, 51, 451),
(1, 2, 51, 452),
(1, 3, 51, 1261),
(1, 4, 51, 453),
(1, 5, 51, 1262),
(1, 6, 51, 1263),
(2, 1, 51, 454),
(2, 2, 51, 455),
(2, 3, 51, 1264),
(2, 4, 51, 456),
(2, 5, 51, 1265),
(2, 6, 51, 1266),
(3, 1, 51, 457),
(3, 2, 51, 458),
(3, 3, 51, 1267),
(3, 4, 51, 459),
(3, 5, 51, 1268),
(3, 6, 51, 1269),
(1, 1, 52, 460),
(1, 2, 52, 461),
(1, 3, 52, 1270),
(1, 4, 52, 462),
(1, 5, 52, 1271),
(1, 6, 52, 1272),
(2, 1, 52, 463),
(2, 2, 52, 464),
(2, 3, 52, 1273),
(2, 4, 52, 465),
(2, 5, 52, 1274),
(2, 6, 52, 1275),
(3, 1, 52, 466),
(3, 2, 52, 467),
(3, 3, 52, 1276),
(3, 4, 52, 468),
(3, 5, 52, 1277),
(3, 6, 52, 1278),
(1, 1, 53, 469),
(1, 2, 53, 470),
(1, 3, 53, 1279),
(1, 4, 53, 471),
(1, 5, 53, 1280),
(1, 6, 53, 1281),
(2, 1, 53, 472),
(2, 2, 53, 473),
(2, 3, 53, 1282),
(2, 4, 53, 474),
(2, 5, 53, 1283),
(2, 6, 53, 1284),
(3, 1, 53, 475),
(3, 2, 53, 476),
(3, 3, 53, 1285),
(3, 4, 53, 477),
(3, 5, 53, 1286),
(3, 6, 53, 1287),
(1, 1, 54, 478),
(1, 2, 54, 479),
(1, 3, 54, 1288),
(1, 4, 54, 480),
(1, 5, 54, 1289),
(1, 6, 54, 1290),
(2, 1, 54, 481),
(2, 2, 54, 482),
(2, 3, 54, 1291),
(2, 4, 54, 483),
(2, 5, 54, 1292),
(2, 6, 54, 1293),
(3, 1, 54, 484),
(3, 2, 54, 485),
(3, 3, 54, 1294),
(3, 4, 54, 486),
(3, 5, 54, 1295),
(3, 6, 54, 1296),
(1, 1, 55, 487),
(1, 2, 55, 488),
(1, 3, 55, 1297),
(1, 4, 55, 489),
(1, 5, 55, 1298),
(1, 6, 55, 1299),
(2, 1, 55, 490),
(2, 2, 55, 491),
(2, 3, 55, 1300),
(2, 4, 55, 492),
(2, 5, 55, 1301),
(2, 6, 55, 1302),
(3, 1, 55, 493),
(3, 2, 55, 494),
(3, 3, 55, 1303),
(3, 4, 55, 495),
(3, 5, 55, 1304),
(3, 6, 55, 1305),
(1, 1, 56, 496),
(1, 2, 56, 497),
(1, 3, 56, 1306),
(1, 4, 56, 498),
(1, 5, 56, 1307),
(1, 6, 56, 1308),
(2, 1, 56, 499),
(2, 2, 56, 500),
(2, 3, 56, 1309),
(2, 4, 56, 501),
(2, 5, 56, 1310),
(2, 6, 56, 1311),
(3, 1, 56, 502),
(3, 2, 56, 503),
(3, 3, 56, 1312),
(3, 4, 56, 504),
(3, 5, 56, 1313),
(3, 6, 56, 1314),
(1, 1, 57, 505),
(1, 2, 57, 506),
(1, 3, 57, 1315),
(1, 4, 57, 507),
(1, 5, 57, 1316),
(1, 6, 57, 1317),
(2, 1, 57, 508),
(2, 2, 57, 509),
(2, 3, 57, 1318),
(2, 4, 57, 510),
(2, 5, 57, 1319),
(2, 6, 57, 1320),
(3, 1, 57, 511),
(3, 2, 57, 512),
(3, 3, 57, 1321),
(3, 4, 57, 513),
(3, 5, 57, 1322),
(3, 6, 57, 1323),
(1, 1, 58, 514),
(1, 2, 58, 515),
(1, 3, 58, 1324),
(1, 4, 58, 516),
(1, 5, 58, 1325),
(1, 6, 58, 1326),
(2, 1, 58, 517),
(2, 2, 58, 518),
(2, 3, 58, 1327),
(2, 4, 58, 519),
(2, 5, 58, 1328),
(2, 6, 58, 1329),
(3, 1, 58, 520),
(3, 2, 58, 521),
(3, 3, 58, 1330),
(3, 4, 58, 522),
(3, 5, 58, 1331),
(3, 6, 58, 1332),
(1, 1, 59, 523),
(1, 2, 59, 524),
(1, 3, 59, 1333),
(1, 4, 59, 525),
(1, 5, 59, 1334),
(1, 6, 59, 1335),
(2, 1, 59, 526),
(2, 2, 59, 527),
(2, 3, 59, 1336),
(2, 4, 59, 528),
(2, 5, 59, 1337),
(2, 6, 59, 1338),
(3, 1, 59, 529),
(3, 2, 59, 530),
(3, 3, 59, 1339),
(3, 4, 59, 531),
(3, 5, 59, 1340),
(3, 6, 59, 1341),
(1, 1, 60, 532),
(1, 2, 60, 533),
(1, 3, 60, 1342),
(1, 4, 60, 534),
(1, 5, 60, 1343),
(1, 6, 60, 1344),
(2, 1, 60, 535),
(2, 2, 60, 536),
(2, 3, 60, 1345),
(2, 4, 60, 537),
(2, 5, 60, 1346),
(2, 6, 60, 1347),
(3, 1, 60, 538),
(3, 2, 60, 539),
(3, 3, 60, 1348),
(3, 4, 60, 540),
(3, 5, 60, 1349),
(3, 6, 60, 1350),
(1, 1, 61, 541),
(1, 2, 61, 542),
(1, 3, 61, 1351),
(1, 4, 61, 543),
(1, 5, 61, 1352),
(1, 6, 61, 1353),
(2, 1, 61, 544),
(2, 2, 61, 545),
(2, 3, 61, 1354),
(2, 4, 61, 546),
(2, 5, 61, 1355),
(2, 6, 61, 1356),
(3, 1, 61, 547),
(3, 2, 61, 548),
(3, 3, 61, 1357),
(3, 4, 61, 549),
(3, 5, 61, 1358),
(3, 6, 61, 1359),
(1, 1, 62, 550),
(1, 2, 62, 551),
(1, 3, 62, 1360),
(1, 4, 62, 552),
(1, 5, 62, 1361),
(1, 6, 62, 1362),
(2, 1, 62, 553),
(2, 2, 62, 554),
(2, 3, 62, 1363),
(2, 4, 62, 555),
(2, 5, 62, 1364),
(2, 6, 62, 1365),
(3, 1, 62, 556),
(3, 2, 62, 557),
(3, 3, 62, 1366),
(3, 4, 62, 558),
(3, 5, 62, 1367),
(3, 6, 62, 1368),
(1, 1, 63, 559),
(1, 2, 63, 560),
(1, 3, 63, 1369),
(1, 4, 63, 561),
(1, 5, 63, 1370),
(1, 6, 63, 1371),
(2, 1, 63, 562),
(2, 2, 63, 563),
(2, 3, 63, 1372),
(2, 4, 63, 564),
(2, 5, 63, 1373),
(2, 6, 63, 1374),
(3, 1, 63, 565),
(3, 2, 63, 566),
(3, 3, 63, 1375),
(3, 4, 63, 567),
(3, 5, 63, 1376),
(3, 6, 63, 1377),
(1, 1, 64, 568),
(1, 2, 64, 569),
(1, 3, 64, 1378),
(1, 4, 64, 570),
(1, 5, 64, 1379),
(1, 6, 64, 1380),
(2, 1, 64, 571),
(2, 2, 64, 572),
(2, 3, 64, 1381),
(2, 4, 64, 573),
(2, 5, 64, 1382),
(2, 6, 64, 1383),
(3, 1, 64, 574),
(3, 2, 64, 575),
(3, 3, 64, 1384),
(3, 4, 64, 576),
(3, 5, 64, 1385),
(3, 6, 64, 1386),
(1, 1, 65, 577),
(1, 2, 65, 578),
(1, 3, 65, 1387),
(1, 4, 65, 579),
(1, 5, 65, 1388),
(1, 6, 65, 1389),
(2, 1, 65, 580),
(2, 2, 65, 581),
(2, 3, 65, 1390),
(2, 4, 65, 582),
(2, 5, 65, 1391),
(2, 6, 65, 1392),
(3, 1, 65, 583),
(3, 2, 65, 584),
(3, 3, 65, 1393),
(3, 4, 65, 585),
(3, 5, 65, 1394),
(3, 6, 65, 1395),
(1, 1, 66, 586),
(1, 2, 66, 587),
(1, 3, 66, 1396),
(1, 4, 66, 588),
(1, 5, 66, 1397),
(1, 6, 66, 1398),
(2, 1, 66, 589),
(2, 2, 66, 590),
(2, 3, 66, 1399),
(2, 4, 66, 591),
(2, 5, 66, 1400),
(2, 6, 66, 1401),
(3, 1, 66, 592),
(3, 2, 66, 593),
(3, 3, 66, 1402),
(3, 4, 66, 594),
(3, 5, 66, 1403),
(3, 6, 66, 1404),
(1, 1, 67, 595),
(1, 2, 67, 596),
(1, 3, 67, 1405),
(1, 4, 67, 597),
(1, 5, 67, 1406),
(1, 6, 67, 1407),
(2, 1, 67, 598),
(2, 2, 67, 599),
(2, 3, 67, 1408),
(2, 4, 67, 600),
(2, 5, 67, 1409),
(2, 6, 67, 1410),
(3, 1, 67, 601),
(3, 2, 67, 602),
(3, 3, 67, 1411),
(3, 4, 67, 603),
(3, 5, 67, 1412),
(3, 6, 67, 1413),
(1, 1, 68, 604),
(1, 2, 68, 605),
(1, 3, 68, 1414),
(1, 4, 68, 606),
(1, 5, 68, 1415),
(1, 6, 68, 1416),
(2, 1, 68, 607),
(2, 2, 68, 608),
(2, 3, 68, 1417),
(2, 4, 68, 609),
(2, 5, 68, 1418),
(2, 6, 68, 1419),
(3, 1, 68, 610),
(3, 2, 68, 611),
(3, 3, 68, 1420),
(3, 4, 68, 612),
(3, 5, 68, 1421),
(3, 6, 68, 1422),
(1, 1, 69, 613),
(1, 2, 69, 614),
(1, 3, 69, 1423),
(1, 4, 69, 615),
(1, 5, 69, 1424),
(1, 6, 69, 1425),
(2, 1, 69, 616),
(2, 2, 69, 617),
(2, 3, 69, 1426),
(2, 4, 69, 618),
(2, 5, 69, 1427),
(2, 6, 69, 1428),
(3, 1, 69, 619),
(3, 2, 69, 620),
(3, 3, 69, 1429),
(3, 4, 69, 621),
(3, 5, 69, 1430),
(3, 6, 69, 1431),
(1, 1, 70, 622),
(1, 2, 70, 623),
(1, 3, 70, 1432),
(1, 4, 70, 624),
(1, 5, 70, 1433),
(1, 6, 70, 1434),
(2, 1, 70, 625),
(2, 2, 70, 626),
(2, 3, 70, 1435),
(2, 4, 70, 627),
(2, 5, 70, 1436),
(2, 6, 70, 1437),
(3, 1, 70, 628),
(3, 2, 70, 629),
(3, 3, 70, 1438),
(3, 4, 70, 630),
(3, 5, 70, 1439),
(3, 6, 70, 1440),
(1, 1, 71, 631),
(1, 2, 71, 632),
(1, 3, 71, 1441),
(1, 4, 71, 633),
(1, 5, 71, 1442),
(1, 6, 71, 1443),
(2, 1, 71, 634),
(2, 2, 71, 635),
(2, 3, 71, 1444),
(2, 4, 71, 636),
(2, 5, 71, 1445),
(2, 6, 71, 1446),
(3, 1, 71, 637),
(3, 2, 71, 638),
(3, 3, 71, 1447),
(3, 4, 71, 639),
(3, 5, 71, 1448),
(3, 6, 71, 1449),
(1, 1, 72, 640),
(1, 2, 72, 641),
(1, 3, 72, 1450),
(1, 4, 72, 642),
(1, 5, 72, 1451),
(1, 6, 72, 1452),
(2, 1, 72, 643),
(2, 2, 72, 644),
(2, 3, 72, 1453),
(2, 4, 72, 645),
(2, 5, 72, 1454),
(2, 6, 72, 1455),
(3, 1, 72, 646),
(3, 2, 72, 647),
(3, 3, 72, 1456),
(3, 4, 72, 648),
(3, 5, 72, 1457),
(3, 6, 72, 1458),
(1, 1, 73, 649),
(1, 2, 73, 650),
(1, 3, 73, 1459),
(1, 4, 73, 651),
(1, 5, 73, 1460),
(1, 6, 73, 1461),
(2, 1, 73, 652),
(2, 2, 73, 653),
(2, 3, 73, 1462),
(2, 4, 73, 654),
(2, 5, 73, 1463),
(2, 6, 73, 1464),
(3, 1, 73, 655),
(3, 2, 73, 656),
(3, 3, 73, 1465),
(3, 4, 73, 657),
(3, 5, 73, 1466),
(3, 6, 73, 1467),
(1, 1, 74, 658),
(1, 2, 74, 659),
(1, 3, 74, 1468),
(1, 4, 74, 660),
(1, 5, 74, 1469),
(1, 6, 74, 1470),
(2, 1, 74, 661),
(2, 2, 74, 662),
(2, 3, 74, 1471),
(2, 4, 74, 663),
(2, 5, 74, 1472),
(2, 6, 74, 1473),
(3, 1, 74, 664),
(3, 2, 74, 665),
(3, 3, 74, 1474),
(3, 4, 74, 666),
(3, 5, 74, 1475),
(3, 6, 74, 1476),
(1, 1, 75, 667),
(1, 2, 75, 668),
(1, 3, 75, 1477),
(1, 4, 75, 669),
(1, 5, 75, 1478),
(1, 6, 75, 1479),
(2, 1, 75, 670),
(2, 2, 75, 671),
(2, 3, 75, 1480),
(2, 4, 75, 672),
(2, 5, 75, 1481),
(2, 6, 75, 1482),
(3, 1, 75, 673),
(3, 2, 75, 674),
(3, 3, 75, 1483),
(3, 4, 75, 675),
(3, 5, 75, 1484),
(3, 6, 75, 1485),
(1, 1, 76, 676),
(1, 2, 76, 677),
(1, 3, 76, 1486),
(1, 4, 76, 678),
(1, 5, 76, 1487),
(1, 6, 76, 1488),
(2, 1, 76, 679),
(2, 2, 76, 680),
(2, 3, 76, 1489),
(2, 4, 76, 681),
(2, 5, 76, 1490),
(2, 6, 76, 1491),
(3, 1, 76, 682),
(3, 2, 76, 683),
(3, 3, 76, 1492),
(3, 4, 76, 684),
(3, 5, 76, 1493),
(3, 6, 76, 1494),
(1, 1, 77, 685),
(1, 2, 77, 686),
(1, 3, 77, 1495),
(1, 4, 77, 687),
(1, 5, 77, 1496),
(1, 6, 77, 1497),
(2, 1, 77, 688),
(2, 2, 77, 689),
(2, 3, 77, 1498),
(2, 4, 77, 690),
(2, 5, 77, 1499),
(2, 6, 77, 1500),
(3, 1, 77, 691),
(3, 2, 77, 692),
(3, 3, 77, 1501),
(3, 4, 77, 693),
(3, 5, 77, 1502),
(3, 6, 77, 1503),
(1, 1, 78, 694),
(1, 2, 78, 695),
(1, 3, 78, 1504),
(1, 4, 78, 696),
(1, 5, 78, 1505),
(1, 6, 78, 1506),
(2, 1, 78, 697),
(2, 2, 78, 698),
(2, 3, 78, 1507),
(2, 4, 78, 699),
(2, 5, 78, 1508),
(2, 6, 78, 1509),
(3, 1, 78, 700),
(3, 2, 78, 701),
(3, 3, 78, 1510),
(3, 4, 78, 702),
(3, 5, 78, 1511),
(3, 6, 78, 1512),
(1, 1, 79, 703),
(1, 2, 79, 704),
(1, 3, 79, 1513),
(1, 4, 79, 705),
(1, 5, 79, 1514),
(1, 6, 79, 1515),
(2, 1, 79, 706),
(2, 2, 79, 707),
(2, 3, 79, 1516),
(2, 4, 79, 708),
(2, 5, 79, 1517),
(2, 6, 79, 1518),
(3, 1, 79, 709),
(3, 2, 79, 710),
(3, 3, 79, 1519),
(3, 4, 79, 711),
(3, 5, 79, 1520),
(3, 6, 79, 1521),
(1, 1, 80, 712),
(1, 2, 80, 713),
(1, 3, 80, 1522),
(1, 4, 80, 714),
(1, 5, 80, 1523),
(1, 6, 80, 1524),
(2, 1, 80, 715),
(2, 2, 80, 716),
(2, 3, 80, 1525),
(2, 4, 80, 717),
(2, 5, 80, 1526),
(2, 6, 80, 1527),
(3, 1, 80, 718),
(3, 2, 80, 719),
(3, 3, 80, 1528),
(3, 4, 80, 720),
(3, 5, 80, 1529),
(3, 6, 80, 1530),
(1, 1, 81, 721),
(1, 2, 81, 722),
(1, 3, 81, 1531),
(1, 4, 81, 723),
(1, 5, 81, 1532),
(1, 6, 81, 1533),
(2, 1, 81, 724),
(2, 2, 81, 725),
(2, 3, 81, 1534),
(2, 4, 81, 726),
(2, 5, 81, 1535),
(2, 6, 81, 1536),
(3, 1, 81, 727),
(3, 2, 81, 728),
(3, 3, 81, 1537),
(3, 4, 81, 729),
(3, 5, 81, 1538),
(3, 6, 81, 1539),
(1, 1, 82, 730),
(1, 2, 82, 731),
(1, 3, 82, 1540),
(1, 4, 82, 732),
(1, 5, 82, 1541),
(1, 6, 82, 1542),
(2, 1, 82, 733),
(2, 2, 82, 734),
(2, 3, 82, 1543),
(2, 4, 82, 735),
(2, 5, 82, 1544),
(2, 6, 82, 1545),
(3, 1, 82, 736),
(3, 2, 82, 737),
(3, 3, 82, 1546),
(3, 4, 82, 738),
(3, 5, 82, 1547),
(3, 6, 82, 1548),
(1, 1, 83, 739),
(1, 2, 83, 740),
(1, 3, 83, 1549),
(1, 4, 83, 741),
(1, 5, 83, 1550),
(1, 6, 83, 1551),
(2, 1, 83, 742),
(2, 2, 83, 743),
(2, 3, 83, 1552),
(2, 4, 83, 744),
(2, 5, 83, 1553),
(2, 6, 83, 1554),
(3, 1, 83, 745),
(3, 2, 83, 746),
(3, 3, 83, 1555),
(3, 4, 83, 747),
(3, 5, 83, 1556),
(3, 6, 83, 1557),
(1, 1, 84, 748),
(1, 2, 84, 749),
(1, 3, 84, 1558),
(1, 4, 84, 750),
(1, 5, 84, 1559),
(1, 6, 84, 1560),
(2, 1, 84, 751),
(2, 2, 84, 752),
(2, 3, 84, 1561),
(2, 4, 84, 753),
(2, 5, 84, 1562),
(2, 6, 84, 1563),
(3, 1, 84, 754),
(3, 2, 84, 755),
(3, 3, 84, 1564),
(3, 4, 84, 756),
(3, 5, 84, 1565),
(3, 6, 84, 1566),
(1, 1, 85, 757),
(1, 2, 85, 758),
(1, 3, 85, 1567),
(1, 4, 85, 759),
(1, 5, 85, 1568),
(1, 6, 85, 1569),
(2, 1, 85, 760),
(2, 2, 85, 761),
(2, 3, 85, 1570),
(2, 4, 85, 762),
(2, 5, 85, 1571),
(2, 6, 85, 1572),
(3, 1, 85, 763),
(3, 2, 85, 764),
(3, 3, 85, 1573),
(3, 4, 85, 765),
(3, 5, 85, 1574),
(3, 6, 85, 1575),
(1, 1, 86, 766),
(1, 2, 86, 767),
(1, 3, 86, 1576),
(1, 4, 86, 768),
(1, 5, 86, 1577),
(1, 6, 86, 1578),
(2, 1, 86, 769),
(2, 2, 86, 770),
(2, 3, 86, 1579),
(2, 4, 86, 771),
(2, 5, 86, 1580),
(2, 6, 86, 1581),
(3, 1, 86, 772),
(3, 2, 86, 773),
(3, 3, 86, 1582),
(3, 4, 86, 774),
(3, 5, 86, 1583),
(3, 6, 86, 1584),
(1, 1, 87, 775),
(1, 2, 87, 776),
(1, 3, 87, 1585),
(1, 4, 87, 777),
(1, 5, 87, 1586),
(1, 6, 87, 1587),
(2, 1, 87, 778),
(2, 2, 87, 779),
(2, 3, 87, 1588),
(2, 4, 87, 780),
(2, 5, 87, 1589),
(2, 6, 87, 1590),
(3, 1, 87, 781),
(3, 2, 87, 782),
(3, 3, 87, 1591),
(3, 4, 87, 783),
(3, 5, 87, 1592),
(3, 6, 87, 1593),
(1, 1, 88, 784),
(1, 2, 88, 785),
(1, 3, 88, 1594),
(1, 4, 88, 786),
(1, 5, 88, 1595),
(1, 6, 88, 1596),
(2, 1, 88, 787),
(2, 2, 88, 788),
(2, 3, 88, 1597),
(2, 4, 88, 789),
(2, 5, 88, 1598),
(2, 6, 88, 1599),
(3, 1, 88, 790),
(3, 2, 88, 791),
(3, 3, 88, 1600),
(3, 4, 88, 792),
(3, 5, 88, 1601),
(3, 6, 88, 1602),
(1, 1, 89, 793),
(1, 2, 89, 794),
(1, 3, 89, 1603),
(1, 4, 89, 795),
(1, 5, 89, 1604),
(1, 6, 89, 1605),
(2, 1, 89, 796),
(2, 2, 89, 797),
(2, 3, 89, 1606),
(2, 4, 89, 798),
(2, 5, 89, 1607),
(2, 6, 89, 1608),
(3, 1, 89, 799),
(3, 2, 89, 800),
(3, 3, 89, 1609),
(3, 4, 89, 801),
(3, 5, 89, 1610),
(3, 6, 89, 1611),
(1, 1, 90, 802),
(1, 2, 90, 803),
(1, 3, 90, 1612),
(1, 4, 90, 804),
(1, 5, 90, 1613),
(1, 6, 90, 1614),
(2, 1, 90, 805),
(2, 2, 90, 806),
(2, 3, 90, 1615),
(2, 4, 90, 807),
(2, 5, 90, 1616),
(2, 6, 90, 1617),
(3, 1, 90, 808),
(3, 2, 90, 809),
(3, 3, 90, 1618),
(3, 4, 90, 810),
(3, 5, 90, 1619),
(3, 6, 90, 1620);

-- --------------------------------------------------------

--
-- Structure de la table `creneau`
--

CREATE TABLE `creneau` (
  `idCreneau` int(11) NOT NULL,
  `heureDebutCreneau` varchar(6) DEFAULT NULL,
  `heureFinCreneau` varchar(6) DEFAULT NULL
) ENGINE=InnoDB DEFAULT CHARSET=latin1;

--
-- Contenu de la table `creneau`
--

INSERT INTO `creneau` (`idCreneau`, `heureDebutCreneau`, `heureFinCreneau`) VALUES
(1, '10:00', '12:00'),
(2, '16:00', '18:00'),
(3, '21:00', '23:00');

-- --------------------------------------------------------

--
-- Structure de la table `date`
--

CREATE TABLE `date` (
  `idDate` int(11) NOT NULL,
  `seanceDate` date DEFAULT NULL
) ENGINE=InnoDB DEFAULT CHARSET=latin1;

--
-- Contenu de la table `date`
--

INSERT INTO `date` (`idDate`, `seanceDate`) VALUES
(1, '2017-03-22'),
(2, '2017-03-23'),
(3, '2017-03-24'),
(4, '2017-03-25'),
(5, '2017-03-26'),
(6, '2017-03-27'),
(7, '2017-03-28'),
(8, '2017-03-29'),
(9, '2017-03-30'),
(10, '2017-03-31'),
(11, '2017-04-01'),
(12, '2017-04-02'),
(13, '2017-04-03'),
(14, '2017-04-04'),
(15, '2017-04-05'),
(16, '2017-04-06'),
(17, '2017-04-07'),
(18, '2017-04-08'),
(19, '2017-04-09'),
(20, '2017-04-10'),
(21, '2017-04-11'),
(22, '2017-04-12'),
(23, '2017-04-13'),
(24, '2017-04-14'),
(25, '2017-04-15'),
(26, '2017-04-16'),
(27, '2017-04-17'),
(28, '2017-04-18'),
(29, '2017-04-19'),
(30, '2017-04-20'),
(31, '2017-04-21'),
(32, '2017-04-22'),
(33, '2017-04-23'),
(34, '2017-04-24'),
(35, '2017-04-25'),
(36, '2017-04-26'),
(37, '2017-04-27'),
(38, '2017-04-28'),
(39, '2017-04-29'),
(40, '2017-04-30'),
(41, '2017-05-01'),
(42, '2017-05-02'),
(43, '2017-05-03'),
(44, '2017-05-04'),
(45, '2017-05-05'),
(46, '2017-05-06'),
(47, '2017-05-07'),
(48, '2017-05-08'),
(49, '2017-05-09'),
(50, '2017-05-10'),
(51, '2017-05-11'),
(52, '2017-05-12'),
(53, '2017-05-13'),
(54, '2017-05-14'),
(55, '2017-05-15'),
(56, '2017-05-16'),
(57, '2017-05-17'),
(58, '2017-05-18'),
(59, '2017-05-19'),
(60, '2017-05-20'),
(61, '2017-05-21'),
(62, '2017-05-22'),
(63, '2017-05-23'),
(64, '2017-05-24'),
(65, '2017-05-25'),
(66, '2017-05-26'),
(67, '2017-05-27'),
(68, '2017-05-28'),
(69, '2017-05-29'),
(70, '2017-05-30'),
(71, '2017-05-31'),
(72, '2017-06-01'),
(73, '2017-06-02'),
(74, '2017-06-03'),
(75, '2017-06-04'),
(76, '2017-06-05'),
(77, '2017-06-06'),
(78, '2017-06-07'),
(79, '2017-06-08'),
(80, '2017-06-09'),
(81, '2017-06-10'),
(82, '2017-06-11'),
(83, '2017-06-12'),
(84, '2017-06-13'),
(85, '2017-06-14'),
(86, '2017-06-15'),
(87, '2017-06-16'),
(88, '2017-06-17'),
(89, '2017-06-18'),
(90, '2017-06-19');

-- --------------------------------------------------------

--
-- Structure de la table `film`
--

CREATE TABLE `film` (
  `idFilm` int(11) NOT NULL,
  `codeFilm` varchar(25) DEFAULT NULL,
  `nomFilm` varchar(50) NOT NULL
) ENGINE=InnoDB DEFAULT CHARSET=latin1;

--
-- Contenu de la table `film`
--

INSERT INTO `film` (`idFilm`, `codeFilm`, `nomFilm`) VALUES
(1, '121856', 'Assassin\'s Creed'),
(2, '274870', 'Passengers'),
(3, '47971', 'xXx: Return of Xander Cage');

-- --------------------------------------------------------

--
-- Structure de la table `place`
--

CREATE TABLE `place` (
  `IdPlace` int(11) NOT NULL,
  `choixPlace` tinyint(1) DEFAULT NULL,
  `idClient` int(11) DEFAULT NULL
) ENGINE=InnoDB DEFAULT CHARSET=latin1;

-- --------------------------------------------------------

--
-- Structure de la table `plansalle`
--

CREATE TABLE `plansalle` (
  `idPlanSalle` int(11) NOT NULL,
  `numPlanSalle` varchar(25) DEFAULT NULL,
  `nomPlanSalle` varchar(25) DEFAULT NULL,
  `idCinema` int(11) DEFAULT NULL
) ENGINE=InnoDB DEFAULT CHARSET=latin1;

--
-- Contenu de la table `plansalle`
--

INSERT INTO `plansalle` (`idPlanSalle`, `numPlanSalle`, `nomPlanSalle`, `idCinema`) VALUES
(1, '1', 'Jupiter', 1),
(2, '2', 'Mars', 1),
(3, '1', 'Nogaro', 2),
(4, '3', 'Neptune', 1),
(5, '2', 'Brassens', 2),
(6, '3', 'Gainsbourg', 2);

-- --------------------------------------------------------

--
-- Structure de la table `positioncase`
--

CREATE TABLE `positioncase` (
  `idPositionCase` int(11) NOT NULL,
  `posXPositionCase` varchar(3) DEFAULT NULL,
  `posYPositionCase` varchar(3) DEFAULT NULL
) ENGINE=InnoDB DEFAULT CHARSET=latin1;

--
-- Contenu de la table `positioncase`
--

INSERT INTO `positioncase` (`idPositionCase`, `posXPositionCase`, `posYPositionCase`) VALUES
(1, '0', '0'),
(2, '0', '1'),
(3, '0', '2'),
(4, '0', '3'),
(5, '0', '4'),
(6, '0', '5'),
(7, '0', '6'),
(8, '0', '7'),
(9, '0', '8'),
(10, '0', '9'),
(11, '0', '10'),
(12, '0', '11'),
(13, '0', '12'),
(14, '0', '13'),
(15, '0', '14'),
(16, '0', '15'),
(17, '0', '16'),
(18, '0', '17'),
(19, '0', '18'),
(20, '0', '19'),
(21, '0', '20'),
(22, '0', '21'),
(23, '0', '22'),
(24, '0', '23'),
(25, '0', '24'),
(26, '0', '25'),
(27, '0', '26'),
(28, '0', '27'),
(29, '0', '28'),
(30, '0', '29'),
(31, '0', '30'),
(32, '0', '31'),
(33, '0', '32'),
(34, '0', '33'),
(35, '0', '34'),
(36, '0', '35'),
(37, '0', '36'),
(38, '0', '37'),
(39, '0', '38'),
(40, '0', '39'),
(41, '0', '40'),
(42, '0', '41'),
(43, '0', '42'),
(44, '0', '43'),
(45, '0', '44'),
(46, '0', '45'),
(47, '0', '46'),
(48, '0', '47'),
(49, '0', '48'),
(50, '0', '49'),
(51, '1', '0'),
(52, '1', '1'),
(53, '1', '2'),
(54, '1', '3'),
(55, '1', '4'),
(56, '1', '5'),
(57, '1', '6'),
(58, '1', '7'),
(59, '1', '8'),
(60, '1', '9'),
(61, '1', '10'),
(62, '1', '11'),
(63, '1', '12'),
(64, '1', '13'),
(65, '1', '14'),
(66, '1', '15'),
(67, '1', '16'),
(68, '1', '17'),
(69, '1', '18'),
(70, '1', '19'),
(71, '1', '20'),
(72, '1', '21'),
(73, '1', '22'),
(74, '1', '23'),
(75, '1', '24'),
(76, '1', '25'),
(77, '1', '26'),
(78, '1', '27'),
(79, '1', '28'),
(80, '1', '29'),
(81, '1', '30'),
(82, '1', '31'),
(83, '1', '32'),
(84, '1', '33'),
(85, '1', '34'),
(86, '1', '35'),
(87, '1', '36'),
(88, '1', '37'),
(89, '1', '38'),
(90, '1', '39'),
(91, '1', '40'),
(92, '1', '41'),
(93, '1', '42'),
(94, '1', '43'),
(95, '1', '44'),
(96, '1', '45'),
(97, '1', '46'),
(98, '1', '47'),
(99, '1', '48'),
(100, '1', '49'),
(101, '2', '0'),
(102, '2', '1'),
(103, '2', '2'),
(104, '2', '3'),
(105, '2', '4'),
(106, '2', '5'),
(107, '2', '6'),
(108, '2', '7'),
(109, '2', '8'),
(110, '2', '9'),
(111, '2', '10'),
(112, '2', '11'),
(113, '2', '12'),
(114, '2', '13'),
(115, '2', '14'),
(116, '2', '15'),
(117, '2', '16'),
(118, '2', '17'),
(119, '2', '18'),
(120, '2', '19'),
(121, '2', '20'),
(122, '2', '21'),
(123, '2', '22'),
(124, '2', '23'),
(125, '2', '24'),
(126, '2', '25'),
(127, '2', '26'),
(128, '2', '27'),
(129, '2', '28'),
(130, '2', '29'),
(131, '2', '30'),
(132, '2', '31'),
(133, '2', '32'),
(134, '2', '33'),
(135, '2', '34'),
(136, '2', '35'),
(137, '2', '36'),
(138, '2', '37'),
(139, '2', '38'),
(140, '2', '39'),
(141, '2', '40'),
(142, '2', '41'),
(143, '2', '42'),
(144, '2', '43'),
(145, '2', '44'),
(146, '2', '45'),
(147, '2', '46'),
(148, '2', '47'),
(149, '2', '48'),
(150, '2', '49'),
(151, '3', '0'),
(152, '3', '1'),
(153, '3', '2'),
(154, '3', '3'),
(155, '3', '4'),
(156, '3', '5'),
(157, '3', '6'),
(158, '3', '7'),
(159, '3', '8'),
(160, '3', '9'),
(161, '3', '10'),
(162, '3', '11'),
(163, '3', '12'),
(164, '3', '13'),
(165, '3', '14'),
(166, '3', '15'),
(167, '3', '16'),
(168, '3', '17'),
(169, '3', '18'),
(170, '3', '19'),
(171, '3', '20'),
(172, '3', '21'),
(173, '3', '22'),
(174, '3', '23'),
(175, '3', '24'),
(176, '3', '25'),
(177, '3', '26'),
(178, '3', '27'),
(179, '3', '28'),
(180, '3', '29'),
(181, '3', '30'),
(182, '3', '31'),
(183, '3', '32'),
(184, '3', '33'),
(185, '3', '34'),
(186, '3', '35'),
(187, '3', '36'),
(188, '3', '37'),
(189, '3', '38'),
(190, '3', '39'),
(191, '3', '40'),
(192, '3', '41'),
(193, '3', '42'),
(194, '3', '43'),
(195, '3', '44'),
(196, '3', '45'),
(197, '3', '46'),
(198, '3', '47'),
(199, '3', '48'),
(200, '3', '49'),
(201, '4', '0'),
(202, '4', '1'),
(203, '4', '2'),
(204, '4', '3'),
(205, '4', '4'),
(206, '4', '5'),
(207, '4', '6'),
(208, '4', '7'),
(209, '4', '8'),
(210, '4', '9'),
(211, '4', '10'),
(212, '4', '11'),
(213, '4', '12'),
(214, '4', '13'),
(215, '4', '14'),
(216, '4', '15'),
(217, '4', '16'),
(218, '4', '17'),
(219, '4', '18'),
(220, '4', '19'),
(221, '4', '20'),
(222, '4', '21'),
(223, '4', '22'),
(224, '4', '23'),
(225, '4', '24'),
(226, '4', '25'),
(227, '4', '26'),
(228, '4', '27'),
(229, '4', '28'),
(230, '4', '29'),
(231, '4', '30'),
(232, '4', '31'),
(233, '4', '32'),
(234, '4', '33'),
(235, '4', '34'),
(236, '4', '35'),
(237, '4', '36'),
(238, '4', '37'),
(239, '4', '38'),
(240, '4', '39'),
(241, '4', '40'),
(242, '4', '41'),
(243, '4', '42'),
(244, '4', '43'),
(245, '4', '44'),
(246, '4', '45'),
(247, '4', '46'),
(248, '4', '47'),
(249, '4', '48'),
(250, '4', '49'),
(251, '5', '0'),
(252, '5', '1'),
(253, '5', '2'),
(254, '5', '3'),
(255, '5', '4'),
(256, '5', '5'),
(257, '5', '6'),
(258, '5', '7'),
(259, '5', '8'),
(260, '5', '9'),
(261, '5', '10'),
(262, '5', '11'),
(263, '5', '12'),
(264, '5', '13'),
(265, '5', '14'),
(266, '5', '15'),
(267, '5', '16'),
(268, '5', '17'),
(269, '5', '18'),
(270, '5', '19'),
(271, '5', '20'),
(272, '5', '21'),
(273, '5', '22'),
(274, '5', '23'),
(275, '5', '24'),
(276, '5', '25'),
(277, '5', '26'),
(278, '5', '27'),
(279, '5', '28'),
(280, '5', '29'),
(281, '5', '30'),
(282, '5', '31'),
(283, '5', '32'),
(284, '5', '33'),
(285, '5', '34'),
(286, '5', '35'),
(287, '5', '36'),
(288, '5', '37'),
(289, '5', '38'),
(290, '5', '39'),
(291, '5', '40'),
(292, '5', '41'),
(293, '5', '42'),
(294, '5', '43'),
(295, '5', '44'),
(296, '5', '45'),
(297, '5', '46'),
(298, '5', '47'),
(299, '5', '48'),
(300, '5', '49'),
(301, '6', '0'),
(302, '6', '1'),
(303, '6', '2'),
(304, '6', '3'),
(305, '6', '4'),
(306, '6', '5'),
(307, '6', '6'),
(308, '6', '7'),
(309, '6', '8'),
(310, '6', '9'),
(311, '6', '10'),
(312, '6', '11'),
(313, '6', '12'),
(314, '6', '13'),
(315, '6', '14'),
(316, '6', '15'),
(317, '6', '16'),
(318, '6', '17'),
(319, '6', '18'),
(320, '6', '19'),
(321, '6', '20'),
(322, '6', '21'),
(323, '6', '22'),
(324, '6', '23'),
(325, '6', '24'),
(326, '6', '25'),
(327, '6', '26'),
(328, '6', '27'),
(329, '6', '28'),
(330, '6', '29'),
(331, '6', '30'),
(332, '6', '31'),
(333, '6', '32'),
(334, '6', '33'),
(335, '6', '34'),
(336, '6', '35'),
(337, '6', '36'),
(338, '6', '37'),
(339, '6', '38'),
(340, '6', '39'),
(341, '6', '40'),
(342, '6', '41'),
(343, '6', '42'),
(344, '6', '43'),
(345, '6', '44'),
(346, '6', '45'),
(347, '6', '46'),
(348, '6', '47'),
(349, '6', '48'),
(350, '6', '49'),
(351, '7', '0'),
(352, '7', '1'),
(353, '7', '2'),
(354, '7', '3'),
(355, '7', '4'),
(356, '7', '5'),
(357, '7', '6'),
(358, '7', '7'),
(359, '7', '8'),
(360, '7', '9'),
(361, '7', '10'),
(362, '7', '11'),
(363, '7', '12'),
(364, '7', '13'),
(365, '7', '14'),
(366, '7', '15'),
(367, '7', '16'),
(368, '7', '17'),
(369, '7', '18'),
(370, '7', '19'),
(371, '7', '20'),
(372, '7', '21'),
(373, '7', '22'),
(374, '7', '23'),
(375, '7', '24'),
(376, '7', '25'),
(377, '7', '26'),
(378, '7', '27'),
(379, '7', '28'),
(380, '7', '29'),
(381, '7', '30'),
(382, '7', '31'),
(383, '7', '32'),
(384, '7', '33'),
(385, '7', '34'),
(386, '7', '35'),
(387, '7', '36'),
(388, '7', '37'),
(389, '7', '38'),
(390, '7', '39'),
(391, '7', '40'),
(392, '7', '41'),
(393, '7', '42'),
(394, '7', '43'),
(395, '7', '44'),
(396, '7', '45'),
(397, '7', '46'),
(398, '7', '47'),
(399, '7', '48'),
(400, '7', '49'),
(401, '8', '0'),
(402, '8', '1'),
(403, '8', '2'),
(404, '8', '3'),
(405, '8', '4'),
(406, '8', '5'),
(407, '8', '6'),
(408, '8', '7'),
(409, '8', '8'),
(410, '8', '9'),
(411, '8', '10'),
(412, '8', '11'),
(413, '8', '12'),
(414, '8', '13'),
(415, '8', '14'),
(416, '8', '15'),
(417, '8', '16'),
(418, '8', '17'),
(419, '8', '18'),
(420, '8', '19'),
(421, '8', '20'),
(422, '8', '21'),
(423, '8', '22'),
(424, '8', '23'),
(425, '8', '24'),
(426, '8', '25'),
(427, '8', '26'),
(428, '8', '27'),
(429, '8', '28'),
(430, '8', '29'),
(431, '8', '30'),
(432, '8', '31'),
(433, '8', '32'),
(434, '8', '33'),
(435, '8', '34'),
(436, '8', '35'),
(437, '8', '36'),
(438, '8', '37'),
(439, '8', '38'),
(440, '8', '39'),
(441, '8', '40'),
(442, '8', '41'),
(443, '8', '42'),
(444, '8', '43'),
(445, '8', '44'),
(446, '8', '45'),
(447, '8', '46'),
(448, '8', '47'),
(449, '8', '48'),
(450, '8', '49'),
(451, '9', '0'),
(452, '9', '1'),
(453, '9', '2'),
(454, '9', '3'),
(455, '9', '4'),
(456, '9', '5'),
(457, '9', '6'),
(458, '9', '7'),
(459, '9', '8'),
(460, '9', '9'),
(461, '9', '10'),
(462, '9', '11'),
(463, '9', '12'),
(464, '9', '13'),
(465, '9', '14'),
(466, '9', '15'),
(467, '9', '16'),
(468, '9', '17'),
(469, '9', '18'),
(470, '9', '19'),
(471, '9', '20'),
(472, '9', '21'),
(473, '9', '22'),
(474, '9', '23'),
(475, '9', '24'),
(476, '9', '25'),
(477, '9', '26'),
(478, '9', '27'),
(479, '9', '28'),
(480, '9', '29'),
(481, '9', '30'),
(482, '9', '31'),
(483, '9', '32'),
(484, '9', '33'),
(485, '9', '34'),
(486, '9', '35'),
(487, '9', '36'),
(488, '9', '37'),
(489, '9', '38'),
(490, '9', '39'),
(491, '9', '40'),
(492, '9', '41'),
(493, '9', '42'),
(494, '9', '43'),
(495, '9', '44'),
(496, '9', '45'),
(497, '9', '46'),
(498, '9', '47'),
(499, '9', '48'),
(500, '9', '49'),
(501, '10', '0'),
(502, '10', '1'),
(503, '10', '2'),
(504, '10', '3'),
(505, '10', '4'),
(506, '10', '5'),
(507, '10', '6'),
(508, '10', '7'),
(509, '10', '8'),
(510, '10', '9'),
(511, '10', '10'),
(512, '10', '11'),
(513, '10', '12'),
(514, '10', '13'),
(515, '10', '14'),
(516, '10', '15'),
(517, '10', '16'),
(518, '10', '17'),
(519, '10', '18'),
(520, '10', '19'),
(521, '10', '20'),
(522, '10', '21'),
(523, '10', '22'),
(524, '10', '23'),
(525, '10', '24'),
(526, '10', '25'),
(527, '10', '26'),
(528, '10', '27'),
(529, '10', '28'),
(530, '10', '29'),
(531, '10', '30'),
(532, '10', '31'),
(533, '10', '32'),
(534, '10', '33'),
(535, '10', '34'),
(536, '10', '35'),
(537, '10', '36'),
(538, '10', '37'),
(539, '10', '38'),
(540, '10', '39'),
(541, '10', '40'),
(542, '10', '41'),
(543, '10', '42'),
(544, '10', '43'),
(545, '10', '44'),
(546, '10', '45'),
(547, '10', '46'),
(548, '10', '47'),
(549, '10', '48'),
(550, '10', '49'),
(551, '11', '0'),
(552, '11', '1'),
(553, '11', '2'),
(554, '11', '3'),
(555, '11', '4'),
(556, '11', '5'),
(557, '11', '6'),
(558, '11', '7'),
(559, '11', '8'),
(560, '11', '9'),
(561, '11', '10'),
(562, '11', '11'),
(563, '11', '12'),
(564, '11', '13'),
(565, '11', '14'),
(566, '11', '15'),
(567, '11', '16'),
(568, '11', '17'),
(569, '11', '18'),
(570, '11', '19'),
(571, '11', '20'),
(572, '11', '21'),
(573, '11', '22'),
(574, '11', '23'),
(575, '11', '24'),
(576, '11', '25'),
(577, '11', '26'),
(578, '11', '27'),
(579, '11', '28'),
(580, '11', '29'),
(581, '11', '30'),
(582, '11', '31'),
(583, '11', '32'),
(584, '11', '33'),
(585, '11', '34'),
(586, '11', '35'),
(587, '11', '36'),
(588, '11', '37'),
(589, '11', '38'),
(590, '11', '39'),
(591, '11', '40'),
(592, '11', '41'),
(593, '11', '42'),
(594, '11', '43'),
(595, '11', '44'),
(596, '11', '45'),
(597, '11', '46'),
(598, '11', '47'),
(599, '11', '48'),
(600, '11', '49'),
(601, '12', '0'),
(602, '12', '1'),
(603, '12', '2'),
(604, '12', '3'),
(605, '12', '4'),
(606, '12', '5'),
(607, '12', '6'),
(608, '12', '7'),
(609, '12', '8'),
(610, '12', '9'),
(611, '12', '10'),
(612, '12', '11'),
(613, '12', '12'),
(614, '12', '13'),
(615, '12', '14'),
(616, '12', '15'),
(617, '12', '16'),
(618, '12', '17'),
(619, '12', '18'),
(620, '12', '19'),
(621, '12', '20'),
(622, '12', '21'),
(623, '12', '22'),
(624, '12', '23'),
(625, '12', '24'),
(626, '12', '25'),
(627, '12', '26'),
(628, '12', '27'),
(629, '12', '28'),
(630, '12', '29'),
(631, '12', '30'),
(632, '12', '31'),
(633, '12', '32'),
(634, '12', '33'),
(635, '12', '34'),
(636, '12', '35'),
(637, '12', '36'),
(638, '12', '37'),
(639, '12', '38'),
(640, '12', '39'),
(641, '12', '40'),
(642, '12', '41'),
(643, '12', '42'),
(644, '12', '43'),
(645, '12', '44'),
(646, '12', '45'),
(647, '12', '46'),
(648, '12', '47'),
(649, '12', '48'),
(650, '12', '49'),
(651, '13', '0'),
(652, '13', '1'),
(653, '13', '2'),
(654, '13', '3'),
(655, '13', '4'),
(656, '13', '5'),
(657, '13', '6'),
(658, '13', '7'),
(659, '13', '8'),
(660, '13', '9'),
(661, '13', '10'),
(662, '13', '11'),
(663, '13', '12'),
(664, '13', '13'),
(665, '13', '14'),
(666, '13', '15'),
(667, '13', '16'),
(668, '13', '17'),
(669, '13', '18'),
(670, '13', '19'),
(671, '13', '20'),
(672, '13', '21'),
(673, '13', '22'),
(674, '13', '23'),
(675, '13', '24'),
(676, '13', '25'),
(677, '13', '26'),
(678, '13', '27'),
(679, '13', '28'),
(680, '13', '29'),
(681, '13', '30'),
(682, '13', '31'),
(683, '13', '32'),
(684, '13', '33'),
(685, '13', '34'),
(686, '13', '35'),
(687, '13', '36'),
(688, '13', '37'),
(689, '13', '38'),
(690, '13', '39'),
(691, '13', '40'),
(692, '13', '41'),
(693, '13', '42'),
(694, '13', '43'),
(695, '13', '44'),
(696, '13', '45'),
(697, '13', '46'),
(698, '13', '47'),
(699, '13', '48'),
(700, '13', '49'),
(701, '14', '0'),
(702, '14', '1'),
(703, '14', '2'),
(704, '14', '3'),
(705, '14', '4'),
(706, '14', '5'),
(707, '14', '6'),
(708, '14', '7'),
(709, '14', '8'),
(710, '14', '9'),
(711, '14', '10'),
(712, '14', '11'),
(713, '14', '12'),
(714, '14', '13'),
(715, '14', '14'),
(716, '14', '15'),
(717, '14', '16'),
(718, '14', '17'),
(719, '14', '18'),
(720, '14', '19'),
(721, '14', '20'),
(722, '14', '21'),
(723, '14', '22'),
(724, '14', '23'),
(725, '14', '24'),
(726, '14', '25'),
(727, '14', '26'),
(728, '14', '27'),
(729, '14', '28'),
(730, '14', '29'),
(731, '14', '30'),
(732, '14', '31'),
(733, '14', '32'),
(734, '14', '33'),
(735, '14', '34'),
(736, '14', '35'),
(737, '14', '36'),
(738, '14', '37'),
(739, '14', '38'),
(740, '14', '39'),
(741, '14', '40'),
(742, '14', '41'),
(743, '14', '42'),
(744, '14', '43'),
(745, '14', '44'),
(746, '14', '45'),
(747, '14', '46'),
(748, '14', '47'),
(749, '14', '48'),
(750, '14', '49'),
(751, '15', '0'),
(752, '15', '1'),
(753, '15', '2'),
(754, '15', '3'),
(755, '15', '4'),
(756, '15', '5'),
(757, '15', '6'),
(758, '15', '7'),
(759, '15', '8'),
(760, '15', '9'),
(761, '15', '10'),
(762, '15', '11'),
(763, '15', '12'),
(764, '15', '13'),
(765, '15', '14'),
(766, '15', '15'),
(767, '15', '16'),
(768, '15', '17'),
(769, '15', '18'),
(770, '15', '19'),
(771, '15', '20'),
(772, '15', '21'),
(773, '15', '22'),
(774, '15', '23'),
(775, '15', '24'),
(776, '15', '25'),
(777, '15', '26'),
(778, '15', '27'),
(779, '15', '28'),
(780, '15', '29'),
(781, '15', '30'),
(782, '15', '31'),
(783, '15', '32'),
(784, '15', '33'),
(785, '15', '34'),
(786, '15', '35'),
(787, '15', '36'),
(788, '15', '37'),
(789, '15', '38'),
(790, '15', '39'),
(791, '15', '40'),
(792, '15', '41'),
(793, '15', '42'),
(794, '15', '43'),
(795, '15', '44'),
(796, '15', '45'),
(797, '15', '46'),
(798, '15', '47'),
(799, '15', '48'),
(800, '15', '49'),
(801, '16', '0'),
(802, '16', '1'),
(803, '16', '2'),
(804, '16', '3'),
(805, '16', '4'),
(806, '16', '5'),
(807, '16', '6'),
(808, '16', '7'),
(809, '16', '8'),
(810, '16', '9'),
(811, '16', '10'),
(812, '16', '11'),
(813, '16', '12'),
(814, '16', '13'),
(815, '16', '14'),
(816, '16', '15'),
(817, '16', '16'),
(818, '16', '17'),
(819, '16', '18'),
(820, '16', '19'),
(821, '16', '20'),
(822, '16', '21'),
(823, '16', '22'),
(824, '16', '23'),
(825, '16', '24'),
(826, '16', '25'),
(827, '16', '26'),
(828, '16', '27'),
(829, '16', '28'),
(830, '16', '29'),
(831, '16', '30'),
(832, '16', '31'),
(833, '16', '32'),
(834, '16', '33'),
(835, '16', '34'),
(836, '16', '35'),
(837, '16', '36'),
(838, '16', '37'),
(839, '16', '38'),
(840, '16', '39'),
(841, '16', '40'),
(842, '16', '41'),
(843, '16', '42'),
(844, '16', '43'),
(845, '16', '44'),
(846, '16', '45'),
(847, '16', '46'),
(848, '16', '47'),
(849, '16', '48'),
(850, '16', '49'),
(851, '17', '0'),
(852, '17', '1'),
(853, '17', '2'),
(854, '17', '3'),
(855, '17', '4'),
(856, '17', '5'),
(857, '17', '6'),
(858, '17', '7'),
(859, '17', '8'),
(860, '17', '9'),
(861, '17', '10'),
(862, '17', '11'),
(863, '17', '12'),
(864, '17', '13'),
(865, '17', '14'),
(866, '17', '15'),
(867, '17', '16'),
(868, '17', '17'),
(869, '17', '18'),
(870, '17', '19'),
(871, '17', '20'),
(872, '17', '21'),
(873, '17', '22'),
(874, '17', '23'),
(875, '17', '24'),
(876, '17', '25'),
(877, '17', '26'),
(878, '17', '27'),
(879, '17', '28'),
(880, '17', '29'),
(881, '17', '30'),
(882, '17', '31'),
(883, '17', '32'),
(884, '17', '33'),
(885, '17', '34'),
(886, '17', '35'),
(887, '17', '36'),
(888, '17', '37'),
(889, '17', '38'),
(890, '17', '39'),
(891, '17', '40'),
(892, '17', '41'),
(893, '17', '42'),
(894, '17', '43'),
(895, '17', '44'),
(896, '17', '45'),
(897, '17', '46'),
(898, '17', '47'),
(899, '17', '48'),
(900, '17', '49'),
(901, '18', '0'),
(902, '18', '1'),
(903, '18', '2'),
(904, '18', '3'),
(905, '18', '4'),
(906, '18', '5'),
(907, '18', '6'),
(908, '18', '7'),
(909, '18', '8'),
(910, '18', '9'),
(911, '18', '10'),
(912, '18', '11'),
(913, '18', '12'),
(914, '18', '13'),
(915, '18', '14'),
(916, '18', '15'),
(917, '18', '16'),
(918, '18', '17'),
(919, '18', '18'),
(920, '18', '19'),
(921, '18', '20'),
(922, '18', '21'),
(923, '18', '22'),
(924, '18', '23'),
(925, '18', '24'),
(926, '18', '25'),
(927, '18', '26'),
(928, '18', '27'),
(929, '18', '28'),
(930, '18', '29'),
(931, '18', '30'),
(932, '18', '31'),
(933, '18', '32'),
(934, '18', '33'),
(935, '18', '34'),
(936, '18', '35'),
(937, '18', '36'),
(938, '18', '37'),
(939, '18', '38'),
(940, '18', '39'),
(941, '18', '40'),
(942, '18', '41'),
(943, '18', '42'),
(944, '18', '43'),
(945, '18', '44'),
(946, '18', '45'),
(947, '18', '46'),
(948, '18', '47'),
(949, '18', '48'),
(950, '18', '49'),
(951, '19', '0'),
(952, '19', '1'),
(953, '19', '2'),
(954, '19', '3'),
(955, '19', '4'),
(956, '19', '5'),
(957, '19', '6'),
(958, '19', '7'),
(959, '19', '8'),
(960, '19', '9'),
(961, '19', '10'),
(962, '19', '11'),
(963, '19', '12'),
(964, '19', '13'),
(965, '19', '14'),
(966, '19', '15'),
(967, '19', '16'),
(968, '19', '17'),
(969, '19', '18'),
(970, '19', '19'),
(971, '19', '20'),
(972, '19', '21'),
(973, '19', '22'),
(974, '19', '23'),
(975, '19', '24'),
(976, '19', '25'),
(977, '19', '26'),
(978, '19', '27'),
(979, '19', '28'),
(980, '19', '29'),
(981, '19', '30'),
(982, '19', '31'),
(983, '19', '32'),
(984, '19', '33'),
(985, '19', '34'),
(986, '19', '35'),
(987, '19', '36'),
(988, '19', '37'),
(989, '19', '38'),
(990, '19', '39'),
(991, '19', '40'),
(992, '19', '41'),
(993, '19', '42'),
(994, '19', '43'),
(995, '19', '44'),
(996, '19', '45'),
(997, '19', '46'),
(998, '19', '47'),
(999, '19', '48'),
(1000, '19', '49'),
(1001, '20', '0'),
(1002, '20', '1'),
(1003, '20', '2'),
(1004, '20', '3'),
(1005, '20', '4'),
(1006, '20', '5'),
(1007, '20', '6'),
(1008, '20', '7'),
(1009, '20', '8'),
(1010, '20', '9'),
(1011, '20', '10'),
(1012, '20', '11'),
(1013, '20', '12'),
(1014, '20', '13'),
(1015, '20', '14'),
(1016, '20', '15'),
(1017, '20', '16'),
(1018, '20', '17'),
(1019, '20', '18'),
(1020, '20', '19'),
(1021, '20', '20'),
(1022, '20', '21'),
(1023, '20', '22'),
(1024, '20', '23'),
(1025, '20', '24'),
(1026, '20', '25'),
(1027, '20', '26'),
(1028, '20', '27'),
(1029, '20', '28'),
(1030, '20', '29'),
(1031, '20', '30'),
(1032, '20', '31'),
(1033, '20', '32'),
(1034, '20', '33'),
(1035, '20', '34'),
(1036, '20', '35'),
(1037, '20', '36'),
(1038, '20', '37'),
(1039, '20', '38'),
(1040, '20', '39'),
(1041, '20', '40'),
(1042, '20', '41'),
(1043, '20', '42'),
(1044, '20', '43'),
(1045, '20', '44'),
(1046, '20', '45'),
(1047, '20', '46'),
(1048, '20', '47'),
(1049, '20', '48'),
(1050, '20', '49'),
(1051, '21', '0'),
(1052, '21', '1'),
(1053, '21', '2'),
(1054, '21', '3'),
(1055, '21', '4'),
(1056, '21', '5'),
(1057, '21', '6'),
(1058, '21', '7'),
(1059, '21', '8'),
(1060, '21', '9'),
(1061, '21', '10'),
(1062, '21', '11'),
(1063, '21', '12'),
(1064, '21', '13'),
(1065, '21', '14'),
(1066, '21', '15'),
(1067, '21', '16'),
(1068, '21', '17'),
(1069, '21', '18'),
(1070, '21', '19'),
(1071, '21', '20'),
(1072, '21', '21'),
(1073, '21', '22'),
(1074, '21', '23'),
(1075, '21', '24'),
(1076, '21', '25'),
(1077, '21', '26'),
(1078, '21', '27'),
(1079, '21', '28'),
(1080, '21', '29'),
(1081, '21', '30'),
(1082, '21', '31'),
(1083, '21', '32'),
(1084, '21', '33'),
(1085, '21', '34'),
(1086, '21', '35'),
(1087, '21', '36'),
(1088, '21', '37'),
(1089, '21', '38'),
(1090, '21', '39'),
(1091, '21', '40'),
(1092, '21', '41'),
(1093, '21', '42'),
(1094, '21', '43'),
(1095, '21', '44'),
(1096, '21', '45'),
(1097, '21', '46'),
(1098, '21', '47'),
(1099, '21', '48'),
(1100, '21', '49'),
(1101, '22', '0'),
(1102, '22', '1'),
(1103, '22', '2'),
(1104, '22', '3'),
(1105, '22', '4'),
(1106, '22', '5'),
(1107, '22', '6'),
(1108, '22', '7'),
(1109, '22', '8'),
(1110, '22', '9'),
(1111, '22', '10'),
(1112, '22', '11'),
(1113, '22', '12'),
(1114, '22', '13'),
(1115, '22', '14'),
(1116, '22', '15'),
(1117, '22', '16'),
(1118, '22', '17'),
(1119, '22', '18'),
(1120, '22', '19'),
(1121, '22', '20'),
(1122, '22', '21'),
(1123, '22', '22'),
(1124, '22', '23'),
(1125, '22', '24'),
(1126, '22', '25'),
(1127, '22', '26'),
(1128, '22', '27'),
(1129, '22', '28'),
(1130, '22', '29'),
(1131, '22', '30'),
(1132, '22', '31'),
(1133, '22', '32'),
(1134, '22', '33'),
(1135, '22', '34'),
(1136, '22', '35'),
(1137, '22', '36'),
(1138, '22', '37'),
(1139, '22', '38'),
(1140, '22', '39'),
(1141, '22', '40'),
(1142, '22', '41'),
(1143, '22', '42'),
(1144, '22', '43'),
(1145, '22', '44'),
(1146, '22', '45'),
(1147, '22', '46'),
(1148, '22', '47'),
(1149, '22', '48'),
(1150, '22', '49'),
(1151, '23', '0'),
(1152, '23', '1'),
(1153, '23', '2'),
(1154, '23', '3'),
(1155, '23', '4'),
(1156, '23', '5'),
(1157, '23', '6'),
(1158, '23', '7'),
(1159, '23', '8'),
(1160, '23', '9'),
(1161, '23', '10'),
(1162, '23', '11'),
(1163, '23', '12'),
(1164, '23', '13'),
(1165, '23', '14'),
(1166, '23', '15'),
(1167, '23', '16'),
(1168, '23', '17'),
(1169, '23', '18'),
(1170, '23', '19'),
(1171, '23', '20'),
(1172, '23', '21'),
(1173, '23', '22'),
(1174, '23', '23'),
(1175, '23', '24'),
(1176, '23', '25'),
(1177, '23', '26'),
(1178, '23', '27'),
(1179, '23', '28'),
(1180, '23', '29'),
(1181, '23', '30'),
(1182, '23', '31'),
(1183, '23', '32'),
(1184, '23', '33'),
(1185, '23', '34'),
(1186, '23', '35'),
(1187, '23', '36'),
(1188, '23', '37'),
(1189, '23', '38'),
(1190, '23', '39'),
(1191, '23', '40'),
(1192, '23', '41'),
(1193, '23', '42'),
(1194, '23', '43'),
(1195, '23', '44'),
(1196, '23', '45'),
(1197, '23', '46'),
(1198, '23', '47'),
(1199, '23', '48'),
(1200, '23', '49'),
(1201, '24', '0'),
(1202, '24', '1'),
(1203, '24', '2'),
(1204, '24', '3'),
(1205, '24', '4'),
(1206, '24', '5'),
(1207, '24', '6'),
(1208, '24', '7'),
(1209, '24', '8'),
(1210, '24', '9'),
(1211, '24', '10'),
(1212, '24', '11'),
(1213, '24', '12'),
(1214, '24', '13'),
(1215, '24', '14'),
(1216, '24', '15'),
(1217, '24', '16'),
(1218, '24', '17'),
(1219, '24', '18'),
(1220, '24', '19'),
(1221, '24', '20'),
(1222, '24', '21'),
(1223, '24', '22'),
(1224, '24', '23'),
(1225, '24', '24'),
(1226, '24', '25'),
(1227, '24', '26'),
(1228, '24', '27'),
(1229, '24', '28'),
(1230, '24', '29'),
(1231, '24', '30'),
(1232, '24', '31'),
(1233, '24', '32'),
(1234, '24', '33'),
(1235, '24', '34'),
(1236, '24', '35'),
(1237, '24', '36'),
(1238, '24', '37'),
(1239, '24', '38'),
(1240, '24', '39'),
(1241, '24', '40'),
(1242, '24', '41'),
(1243, '24', '42'),
(1244, '24', '43'),
(1245, '24', '44'),
(1246, '24', '45'),
(1247, '24', '46'),
(1248, '24', '47'),
(1249, '24', '48'),
(1250, '24', '49'),
(1251, '25', '0'),
(1252, '25', '1'),
(1253, '25', '2'),
(1254, '25', '3'),
(1255, '25', '4'),
(1256, '25', '5'),
(1257, '25', '6'),
(1258, '25', '7'),
(1259, '25', '8'),
(1260, '25', '9'),
(1261, '25', '10'),
(1262, '25', '11'),
(1263, '25', '12'),
(1264, '25', '13'),
(1265, '25', '14'),
(1266, '25', '15'),
(1267, '25', '16'),
(1268, '25', '17'),
(1269, '25', '18'),
(1270, '25', '19'),
(1271, '25', '20'),
(1272, '25', '21'),
(1273, '25', '22'),
(1274, '25', '23'),
(1275, '25', '24'),
(1276, '25', '25'),
(1277, '25', '26'),
(1278, '25', '27'),
(1279, '25', '28'),
(1280, '25', '29'),
(1281, '25', '30'),
(1282, '25', '31'),
(1283, '25', '32'),
(1284, '25', '33'),
(1285, '25', '34'),
(1286, '25', '35'),
(1287, '25', '36'),
(1288, '25', '37'),
(1289, '25', '38'),
(1290, '25', '39'),
(1291, '25', '40'),
(1292, '25', '41'),
(1293, '25', '42'),
(1294, '25', '43'),
(1295, '25', '44'),
(1296, '25', '45'),
(1297, '25', '46'),
(1298, '25', '47'),
(1299, '25', '48'),
(1300, '25', '49'),
(1301, '26', '0'),
(1302, '26', '1'),
(1303, '26', '2'),
(1304, '26', '3'),
(1305, '26', '4'),
(1306, '26', '5'),
(1307, '26', '6'),
(1308, '26', '7'),
(1309, '26', '8'),
(1310, '26', '9'),
(1311, '26', '10'),
(1312, '26', '11'),
(1313, '26', '12'),
(1314, '26', '13'),
(1315, '26', '14'),
(1316, '26', '15'),
(1317, '26', '16'),
(1318, '26', '17'),
(1319, '26', '18'),
(1320, '26', '19'),
(1321, '26', '20'),
(1322, '26', '21'),
(1323, '26', '22'),
(1324, '26', '23'),
(1325, '26', '24'),
(1326, '26', '25'),
(1327, '26', '26'),
(1328, '26', '27'),
(1329, '26', '28'),
(1330, '26', '29'),
(1331, '26', '30'),
(1332, '26', '31'),
(1333, '26', '32'),
(1334, '26', '33'),
(1335, '26', '34'),
(1336, '26', '35'),
(1337, '26', '36'),
(1338, '26', '37'),
(1339, '26', '38'),
(1340, '26', '39'),
(1341, '26', '40'),
(1342, '26', '41'),
(1343, '26', '42'),
(1344, '26', '43'),
(1345, '26', '44'),
(1346, '26', '45'),
(1347, '26', '46'),
(1348, '26', '47'),
(1349, '26', '48'),
(1350, '26', '49'),
(1351, '27', '0'),
(1352, '27', '1'),
(1353, '27', '2'),
(1354, '27', '3'),
(1355, '27', '4'),
(1356, '27', '5'),
(1357, '27', '6'),
(1358, '27', '7'),
(1359, '27', '8'),
(1360, '27', '9'),
(1361, '27', '10'),
(1362, '27', '11'),
(1363, '27', '12'),
(1364, '27', '13'),
(1365, '27', '14'),
(1366, '27', '15'),
(1367, '27', '16'),
(1368, '27', '17'),
(1369, '27', '18'),
(1370, '27', '19'),
(1371, '27', '20'),
(1372, '27', '21'),
(1373, '27', '22'),
(1374, '27', '23'),
(1375, '27', '24'),
(1376, '27', '25'),
(1377, '27', '26'),
(1378, '27', '27'),
(1379, '27', '28'),
(1380, '27', '29'),
(1381, '27', '30'),
(1382, '27', '31'),
(1383, '27', '32'),
(1384, '27', '33'),
(1385, '27', '34'),
(1386, '27', '35'),
(1387, '27', '36'),
(1388, '27', '37'),
(1389, '27', '38'),
(1390, '27', '39'),
(1391, '27', '40'),
(1392, '27', '41'),
(1393, '27', '42'),
(1394, '27', '43'),
(1395, '27', '44'),
(1396, '27', '45'),
(1397, '27', '46'),
(1398, '27', '47'),
(1399, '27', '48'),
(1400, '27', '49'),
(1401, '28', '0'),
(1402, '28', '1'),
(1403, '28', '2'),
(1404, '28', '3'),
(1405, '28', '4'),
(1406, '28', '5'),
(1407, '28', '6'),
(1408, '28', '7'),
(1409, '28', '8'),
(1410, '28', '9'),
(1411, '28', '10'),
(1412, '28', '11'),
(1413, '28', '12'),
(1414, '28', '13'),
(1415, '28', '14'),
(1416, '28', '15'),
(1417, '28', '16'),
(1418, '28', '17'),
(1419, '28', '18'),
(1420, '28', '19'),
(1421, '28', '20'),
(1422, '28', '21'),
(1423, '28', '22'),
(1424, '28', '23'),
(1425, '28', '24'),
(1426, '28', '25'),
(1427, '28', '26'),
(1428, '28', '27'),
(1429, '28', '28'),
(1430, '28', '29'),
(1431, '28', '30'),
(1432, '28', '31'),
(1433, '28', '32'),
(1434, '28', '33'),
(1435, '28', '34'),
(1436, '28', '35'),
(1437, '28', '36'),
(1438, '28', '37'),
(1439, '28', '38'),
(1440, '28', '39'),
(1441, '28', '40'),
(1442, '28', '41'),
(1443, '28', '42'),
(1444, '28', '43'),
(1445, '28', '44'),
(1446, '28', '45'),
(1447, '28', '46'),
(1448, '28', '47'),
(1449, '28', '48'),
(1450, '28', '49'),
(1451, '29', '0'),
(1452, '29', '1'),
(1453, '29', '2'),
(1454, '29', '3'),
(1455, '29', '4'),
(1456, '29', '5'),
(1457, '29', '6'),
(1458, '29', '7'),
(1459, '29', '8'),
(1460, '29', '9'),
(1461, '29', '10'),
(1462, '29', '11'),
(1463, '29', '12'),
(1464, '29', '13'),
(1465, '29', '14'),
(1466, '29', '15'),
(1467, '29', '16'),
(1468, '29', '17'),
(1469, '29', '18'),
(1470, '29', '19'),
(1471, '29', '20'),
(1472, '29', '21'),
(1473, '29', '22'),
(1474, '29', '23'),
(1475, '29', '24'),
(1476, '29', '25'),
(1477, '29', '26'),
(1478, '29', '27'),
(1479, '29', '28'),
(1480, '29', '29'),
(1481, '29', '30'),
(1482, '29', '31'),
(1483, '29', '32'),
(1484, '29', '33'),
(1485, '29', '34'),
(1486, '29', '35'),
(1487, '29', '36'),
(1488, '29', '37'),
(1489, '29', '38'),
(1490, '29', '39'),
(1491, '29', '40'),
(1492, '29', '41'),
(1493, '29', '42'),
(1494, '29', '43'),
(1495, '29', '44'),
(1496, '29', '45'),
(1497, '29', '46'),
(1498, '29', '47'),
(1499, '29', '48'),
(1500, '29', '49'),
(1501, '30', '0'),
(1502, '30', '1'),
(1503, '30', '2'),
(1504, '30', '3'),
(1505, '30', '4'),
(1506, '30', '5'),
(1507, '30', '6'),
(1508, '30', '7'),
(1509, '30', '8'),
(1510, '30', '9'),
(1511, '30', '10'),
(1512, '30', '11'),
(1513, '30', '12'),
(1514, '30', '13'),
(1515, '30', '14'),
(1516, '30', '15'),
(1517, '30', '16'),
(1518, '30', '17'),
(1519, '30', '18'),
(1520, '30', '19'),
(1521, '30', '20'),
(1522, '30', '21'),
(1523, '30', '22'),
(1524, '30', '23'),
(1525, '30', '24'),
(1526, '30', '25'),
(1527, '30', '26'),
(1528, '30', '27'),
(1529, '30', '28'),
(1530, '30', '29'),
(1531, '30', '30'),
(1532, '30', '31'),
(1533, '30', '32'),
(1534, '30', '33'),
(1535, '30', '34'),
(1536, '30', '35'),
(1537, '30', '36'),
(1538, '30', '37'),
(1539, '30', '38'),
(1540, '30', '39'),
(1541, '30', '40'),
(1542, '30', '41'),
(1543, '30', '42'),
(1544, '30', '43'),
(1545, '30', '44'),
(1546, '30', '45'),
(1547, '30', '46'),
(1548, '30', '47'),
(1549, '30', '48'),
(1550, '30', '49'),
(1551, '31', '0'),
(1552, '31', '1'),
(1553, '31', '2'),
(1554, '31', '3'),
(1555, '31', '4'),
(1556, '31', '5'),
(1557, '31', '6'),
(1558, '31', '7'),
(1559, '31', '8'),
(1560, '31', '9'),
(1561, '31', '10'),
(1562, '31', '11'),
(1563, '31', '12'),
(1564, '31', '13'),
(1565, '31', '14'),
(1566, '31', '15'),
(1567, '31', '16'),
(1568, '31', '17'),
(1569, '31', '18'),
(1570, '31', '19'),
(1571, '31', '20'),
(1572, '31', '21'),
(1573, '31', '22'),
(1574, '31', '23'),
(1575, '31', '24'),
(1576, '31', '25'),
(1577, '31', '26'),
(1578, '31', '27'),
(1579, '31', '28'),
(1580, '31', '29'),
(1581, '31', '30'),
(1582, '31', '31'),
(1583, '31', '32'),
(1584, '31', '33'),
(1585, '31', '34'),
(1586, '31', '35'),
(1587, '31', '36'),
(1588, '31', '37'),
(1589, '31', '38'),
(1590, '31', '39'),
(1591, '31', '40'),
(1592, '31', '41'),
(1593, '31', '42'),
(1594, '31', '43'),
(1595, '31', '44'),
(1596, '31', '45'),
(1597, '31', '46'),
(1598, '31', '47'),
(1599, '31', '48'),
(1600, '31', '49'),
(1601, '32', '0'),
(1602, '32', '1'),
(1603, '32', '2'),
(1604, '32', '3'),
(1605, '32', '4'),
(1606, '32', '5'),
(1607, '32', '6'),
(1608, '32', '7'),
(1609, '32', '8'),
(1610, '32', '9'),
(1611, '32', '10'),
(1612, '32', '11'),
(1613, '32', '12'),
(1614, '32', '13'),
(1615, '32', '14'),
(1616, '32', '15'),
(1617, '32', '16'),
(1618, '32', '17'),
(1619, '32', '18'),
(1620, '32', '19'),
(1621, '32', '20'),
(1622, '32', '21'),
(1623, '32', '22'),
(1624, '32', '23'),
(1625, '32', '24'),
(1626, '32', '25'),
(1627, '32', '26'),
(1628, '32', '27'),
(1629, '32', '28'),
(1630, '32', '29'),
(1631, '32', '30'),
(1632, '32', '31'),
(1633, '32', '32'),
(1634, '32', '33'),
(1635, '32', '34'),
(1636, '32', '35'),
(1637, '32', '36'),
(1638, '32', '37'),
(1639, '32', '38'),
(1640, '32', '39'),
(1641, '32', '40'),
(1642, '32', '41'),
(1643, '32', '42'),
(1644, '32', '43'),
(1645, '32', '44'),
(1646, '32', '45'),
(1647, '32', '46'),
(1648, '32', '47'),
(1649, '32', '48'),
(1650, '32', '49'),
(1651, '33', '0'),
(1652, '33', '1'),
(1653, '33', '2'),
(1654, '33', '3'),
(1655, '33', '4'),
(1656, '33', '5'),
(1657, '33', '6'),
(1658, '33', '7'),
(1659, '33', '8'),
(1660, '33', '9'),
(1661, '33', '10'),
(1662, '33', '11'),
(1663, '33', '12'),
(1664, '33', '13'),
(1665, '33', '14'),
(1666, '33', '15'),
(1667, '33', '16'),
(1668, '33', '17'),
(1669, '33', '18'),
(1670, '33', '19'),
(1671, '33', '20'),
(1672, '33', '21'),
(1673, '33', '22'),
(1674, '33', '23'),
(1675, '33', '24'),
(1676, '33', '25'),
(1677, '33', '26'),
(1678, '33', '27'),
(1679, '33', '28'),
(1680, '33', '29'),
(1681, '33', '30'),
(1682, '33', '31'),
(1683, '33', '32'),
(1684, '33', '33'),
(1685, '33', '34'),
(1686, '33', '35'),
(1687, '33', '36'),
(1688, '33', '37'),
(1689, '33', '38'),
(1690, '33', '39'),
(1691, '33', '40'),
(1692, '33', '41'),
(1693, '33', '42'),
(1694, '33', '43'),
(1695, '33', '44'),
(1696, '33', '45'),
(1697, '33', '46'),
(1698, '33', '47'),
(1699, '33', '48'),
(1700, '33', '49'),
(1701, '34', '0'),
(1702, '34', '1'),
(1703, '34', '2'),
(1704, '34', '3'),
(1705, '34', '4'),
(1706, '34', '5'),
(1707, '34', '6'),
(1708, '34', '7'),
(1709, '34', '8'),
(1710, '34', '9'),
(1711, '34', '10'),
(1712, '34', '11'),
(1713, '34', '12'),
(1714, '34', '13'),
(1715, '34', '14'),
(1716, '34', '15'),
(1717, '34', '16'),
(1718, '34', '17'),
(1719, '34', '18'),
(1720, '34', '19'),
(1721, '34', '20'),
(1722, '34', '21'),
(1723, '34', '22'),
(1724, '34', '23'),
(1725, '34', '24'),
(1726, '34', '25'),
(1727, '34', '26'),
(1728, '34', '27'),
(1729, '34', '28'),
(1730, '34', '29'),
(1731, '34', '30'),
(1732, '34', '31'),
(1733, '34', '32'),
(1734, '34', '33'),
(1735, '34', '34'),
(1736, '34', '35'),
(1737, '34', '36'),
(1738, '34', '37'),
(1739, '34', '38'),
(1740, '34', '39'),
(1741, '34', '40'),
(1742, '34', '41'),
(1743, '34', '42'),
(1744, '34', '43'),
(1745, '34', '44'),
(1746, '34', '45'),
(1747, '34', '46'),
(1748, '34', '47'),
(1749, '34', '48'),
(1750, '34', '49'),
(1751, '35', '0'),
(1752, '35', '1'),
(1753, '35', '2'),
(1754, '35', '3'),
(1755, '35', '4'),
(1756, '35', '5'),
(1757, '35', '6'),
(1758, '35', '7'),
(1759, '35', '8'),
(1760, '35', '9'),
(1761, '35', '10'),
(1762, '35', '11'),
(1763, '35', '12'),
(1764, '35', '13'),
(1765, '35', '14'),
(1766, '35', '15'),
(1767, '35', '16'),
(1768, '35', '17'),
(1769, '35', '18'),
(1770, '35', '19'),
(1771, '35', '20'),
(1772, '35', '21'),
(1773, '35', '22'),
(1774, '35', '23'),
(1775, '35', '24'),
(1776, '35', '25'),
(1777, '35', '26'),
(1778, '35', '27'),
(1779, '35', '28'),
(1780, '35', '29'),
(1781, '35', '30'),
(1782, '35', '31'),
(1783, '35', '32'),
(1784, '35', '33'),
(1785, '35', '34'),
(1786, '35', '35'),
(1787, '35', '36'),
(1788, '35', '37'),
(1789, '35', '38'),
(1790, '35', '39'),
(1791, '35', '40'),
(1792, '35', '41'),
(1793, '35', '42'),
(1794, '35', '43'),
(1795, '35', '44'),
(1796, '35', '45'),
(1797, '35', '46'),
(1798, '35', '47'),
(1799, '35', '48'),
(1800, '35', '49'),
(1801, '36', '0'),
(1802, '36', '1'),
(1803, '36', '2'),
(1804, '36', '3'),
(1805, '36', '4'),
(1806, '36', '5'),
(1807, '36', '6'),
(1808, '36', '7'),
(1809, '36', '8'),
(1810, '36', '9'),
(1811, '36', '10'),
(1812, '36', '11'),
(1813, '36', '12'),
(1814, '36', '13'),
(1815, '36', '14'),
(1816, '36', '15'),
(1817, '36', '16'),
(1818, '36', '17'),
(1819, '36', '18'),
(1820, '36', '19'),
(1821, '36', '20'),
(1822, '36', '21'),
(1823, '36', '22'),
(1824, '36', '23'),
(1825, '36', '24'),
(1826, '36', '25'),
(1827, '36', '26'),
(1828, '36', '27'),
(1829, '36', '28'),
(1830, '36', '29'),
(1831, '36', '30'),
(1832, '36', '31'),
(1833, '36', '32'),
(1834, '36', '33'),
(1835, '36', '34'),
(1836, '36', '35'),
(1837, '36', '36'),
(1838, '36', '37'),
(1839, '36', '38'),
(1840, '36', '39'),
(1841, '36', '40'),
(1842, '36', '41'),
(1843, '36', '42'),
(1844, '36', '43'),
(1845, '36', '44'),
(1846, '36', '45'),
(1847, '36', '46'),
(1848, '36', '47'),
(1849, '36', '48'),
(1850, '36', '49'),
(1851, '37', '0'),
(1852, '37', '1'),
(1853, '37', '2'),
(1854, '37', '3'),
(1855, '37', '4'),
(1856, '37', '5'),
(1857, '37', '6'),
(1858, '37', '7'),
(1859, '37', '8'),
(1860, '37', '9'),
(1861, '37', '10'),
(1862, '37', '11'),
(1863, '37', '12'),
(1864, '37', '13'),
(1865, '37', '14'),
(1866, '37', '15'),
(1867, '37', '16'),
(1868, '37', '17'),
(1869, '37', '18'),
(1870, '37', '19'),
(1871, '37', '20'),
(1872, '37', '21'),
(1873, '37', '22'),
(1874, '37', '23'),
(1875, '37', '24'),
(1876, '37', '25'),
(1877, '37', '26'),
(1878, '37', '27'),
(1879, '37', '28'),
(1880, '37', '29'),
(1881, '37', '30'),
(1882, '37', '31'),
(1883, '37', '32'),
(1884, '37', '33'),
(1885, '37', '34'),
(1886, '37', '35'),
(1887, '37', '36'),
(1888, '37', '37'),
(1889, '37', '38'),
(1890, '37', '39'),
(1891, '37', '40'),
(1892, '37', '41'),
(1893, '37', '42'),
(1894, '37', '43'),
(1895, '37', '44'),
(1896, '37', '45'),
(1897, '37', '46'),
(1898, '37', '47'),
(1899, '37', '48'),
(1900, '37', '49'),
(1901, '38', '0'),
(1902, '38', '1'),
(1903, '38', '2'),
(1904, '38', '3'),
(1905, '38', '4'),
(1906, '38', '5'),
(1907, '38', '6'),
(1908, '38', '7'),
(1909, '38', '8'),
(1910, '38', '9'),
(1911, '38', '10'),
(1912, '38', '11'),
(1913, '38', '12'),
(1914, '38', '13'),
(1915, '38', '14'),
(1916, '38', '15'),
(1917, '38', '16'),
(1918, '38', '17'),
(1919, '38', '18'),
(1920, '38', '19'),
(1921, '38', '20'),
(1922, '38', '21'),
(1923, '38', '22'),
(1924, '38', '23'),
(1925, '38', '24'),
(1926, '38', '25'),
(1927, '38', '26'),
(1928, '38', '27'),
(1929, '38', '28'),
(1930, '38', '29'),
(1931, '38', '30'),
(1932, '38', '31'),
(1933, '38', '32'),
(1934, '38', '33'),
(1935, '38', '34'),
(1936, '38', '35'),
(1937, '38', '36'),
(1938, '38', '37'),
(1939, '38', '38'),
(1940, '38', '39'),
(1941, '38', '40'),
(1942, '38', '41'),
(1943, '38', '42'),
(1944, '38', '43'),
(1945, '38', '44'),
(1946, '38', '45'),
(1947, '38', '46'),
(1948, '38', '47'),
(1949, '38', '48'),
(1950, '38', '49'),
(1951, '39', '0'),
(1952, '39', '1'),
(1953, '39', '2'),
(1954, '39', '3'),
(1955, '39', '4'),
(1956, '39', '5'),
(1957, '39', '6'),
(1958, '39', '7'),
(1959, '39', '8'),
(1960, '39', '9'),
(1961, '39', '10'),
(1962, '39', '11'),
(1963, '39', '12'),
(1964, '39', '13'),
(1965, '39', '14'),
(1966, '39', '15'),
(1967, '39', '16'),
(1968, '39', '17'),
(1969, '39', '18'),
(1970, '39', '19'),
(1971, '39', '20'),
(1972, '39', '21'),
(1973, '39', '22'),
(1974, '39', '23'),
(1975, '39', '24'),
(1976, '39', '25'),
(1977, '39', '26'),
(1978, '39', '27'),
(1979, '39', '28'),
(1980, '39', '29'),
(1981, '39', '30'),
(1982, '39', '31'),
(1983, '39', '32'),
(1984, '39', '33'),
(1985, '39', '34'),
(1986, '39', '35'),
(1987, '39', '36'),
(1988, '39', '37'),
(1989, '39', '38'),
(1990, '39', '39'),
(1991, '39', '40'),
(1992, '39', '41'),
(1993, '39', '42'),
(1994, '39', '43'),
(1995, '39', '44'),
(1996, '39', '45'),
(1997, '39', '46'),
(1998, '39', '47'),
(1999, '39', '48'),
(2000, '39', '49'),
(2001, '40', '0'),
(2002, '40', '1'),
(2003, '40', '2'),
(2004, '40', '3'),
(2005, '40', '4'),
(2006, '40', '5'),
(2007, '40', '6'),
(2008, '40', '7'),
(2009, '40', '8'),
(2010, '40', '9'),
(2011, '40', '10'),
(2012, '40', '11'),
(2013, '40', '12'),
(2014, '40', '13'),
(2015, '40', '14'),
(2016, '40', '15'),
(2017, '40', '16'),
(2018, '40', '17'),
(2019, '40', '18'),
(2020, '40', '19'),
(2021, '40', '20'),
(2022, '40', '21'),
(2023, '40', '22'),
(2024, '40', '23'),
(2025, '40', '24'),
(2026, '40', '25'),
(2027, '40', '26'),
(2028, '40', '27'),
(2029, '40', '28'),
(2030, '40', '29'),
(2031, '40', '30'),
(2032, '40', '31'),
(2033, '40', '32'),
(2034, '40', '33'),
(2035, '40', '34'),
(2036, '40', '35'),
(2037, '40', '36'),
(2038, '40', '37'),
(2039, '40', '38'),
(2040, '40', '39'),
(2041, '40', '40'),
(2042, '40', '41'),
(2043, '40', '42'),
(2044, '40', '43'),
(2045, '40', '44'),
(2046, '40', '45'),
(2047, '40', '46'),
(2048, '40', '47'),
(2049, '40', '48'),
(2050, '40', '49'),
(2051, '41', '0'),
(2052, '41', '1'),
(2053, '41', '2'),
(2054, '41', '3'),
(2055, '41', '4'),
(2056, '41', '5'),
(2057, '41', '6'),
(2058, '41', '7'),
(2059, '41', '8'),
(2060, '41', '9'),
(2061, '41', '10'),
(2062, '41', '11'),
(2063, '41', '12'),
(2064, '41', '13'),
(2065, '41', '14'),
(2066, '41', '15'),
(2067, '41', '16'),
(2068, '41', '17'),
(2069, '41', '18'),
(2070, '41', '19'),
(2071, '41', '20'),
(2072, '41', '21'),
(2073, '41', '22'),
(2074, '41', '23'),
(2075, '41', '24'),
(2076, '41', '25'),
(2077, '41', '26'),
(2078, '41', '27'),
(2079, '41', '28'),
(2080, '41', '29'),
(2081, '41', '30'),
(2082, '41', '31'),
(2083, '41', '32'),
(2084, '41', '33'),
(2085, '41', '34'),
(2086, '41', '35'),
(2087, '41', '36'),
(2088, '41', '37'),
(2089, '41', '38'),
(2090, '41', '39'),
(2091, '41', '40'),
(2092, '41', '41'),
(2093, '41', '42'),
(2094, '41', '43'),
(2095, '41', '44'),
(2096, '41', '45'),
(2097, '41', '46'),
(2098, '41', '47'),
(2099, '41', '48'),
(2100, '41', '49'),
(2101, '42', '0'),
(2102, '42', '1'),
(2103, '42', '2'),
(2104, '42', '3'),
(2105, '42', '4'),
(2106, '42', '5'),
(2107, '42', '6'),
(2108, '42', '7'),
(2109, '42', '8'),
(2110, '42', '9'),
(2111, '42', '10'),
(2112, '42', '11'),
(2113, '42', '12'),
(2114, '42', '13'),
(2115, '42', '14'),
(2116, '42', '15'),
(2117, '42', '16'),
(2118, '42', '17'),
(2119, '42', '18'),
(2120, '42', '19'),
(2121, '42', '20'),
(2122, '42', '21'),
(2123, '42', '22'),
(2124, '42', '23'),
(2125, '42', '24'),
(2126, '42', '25'),
(2127, '42', '26'),
(2128, '42', '27'),
(2129, '42', '28'),
(2130, '42', '29'),
(2131, '42', '30'),
(2132, '42', '31'),
(2133, '42', '32'),
(2134, '42', '33'),
(2135, '42', '34'),
(2136, '42', '35'),
(2137, '42', '36'),
(2138, '42', '37'),
(2139, '42', '38'),
(2140, '42', '39'),
(2141, '42', '40'),
(2142, '42', '41'),
(2143, '42', '42'),
(2144, '42', '43'),
(2145, '42', '44'),
(2146, '42', '45'),
(2147, '42', '46'),
(2148, '42', '47'),
(2149, '42', '48'),
(2150, '42', '49'),
(2151, '43', '0'),
(2152, '43', '1'),
(2153, '43', '2'),
(2154, '43', '3'),
(2155, '43', '4'),
(2156, '43', '5'),
(2157, '43', '6'),
(2158, '43', '7'),
(2159, '43', '8'),
(2160, '43', '9'),
(2161, '43', '10'),
(2162, '43', '11'),
(2163, '43', '12'),
(2164, '43', '13'),
(2165, '43', '14'),
(2166, '43', '15'),
(2167, '43', '16'),
(2168, '43', '17'),
(2169, '43', '18'),
(2170, '43', '19'),
(2171, '43', '20'),
(2172, '43', '21'),
(2173, '43', '22'),
(2174, '43', '23'),
(2175, '43', '24'),
(2176, '43', '25'),
(2177, '43', '26'),
(2178, '43', '27'),
(2179, '43', '28'),
(2180, '43', '29'),
(2181, '43', '30'),
(2182, '43', '31'),
(2183, '43', '32'),
(2184, '43', '33'),
(2185, '43', '34'),
(2186, '43', '35'),
(2187, '43', '36'),
(2188, '43', '37'),
(2189, '43', '38'),
(2190, '43', '39'),
(2191, '43', '40'),
(2192, '43', '41'),
(2193, '43', '42'),
(2194, '43', '43'),
(2195, '43', '44'),
(2196, '43', '45'),
(2197, '43', '46'),
(2198, '43', '47'),
(2199, '43', '48'),
(2200, '43', '49'),
(2201, '44', '0'),
(2202, '44', '1'),
(2203, '44', '2'),
(2204, '44', '3'),
(2205, '44', '4'),
(2206, '44', '5'),
(2207, '44', '6'),
(2208, '44', '7'),
(2209, '44', '8'),
(2210, '44', '9'),
(2211, '44', '10'),
(2212, '44', '11'),
(2213, '44', '12'),
(2214, '44', '13'),
(2215, '44', '14'),
(2216, '44', '15'),
(2217, '44', '16'),
(2218, '44', '17'),
(2219, '44', '18'),
(2220, '44', '19'),
(2221, '44', '20'),
(2222, '44', '21'),
(2223, '44', '22'),
(2224, '44', '23'),
(2225, '44', '24'),
(2226, '44', '25'),
(2227, '44', '26'),
(2228, '44', '27'),
(2229, '44', '28'),
(2230, '44', '29'),
(2231, '44', '30'),
(2232, '44', '31'),
(2233, '44', '32'),
(2234, '44', '33'),
(2235, '44', '34'),
(2236, '44', '35'),
(2237, '44', '36'),
(2238, '44', '37'),
(2239, '44', '38'),
(2240, '44', '39'),
(2241, '44', '40'),
(2242, '44', '41'),
(2243, '44', '42'),
(2244, '44', '43'),
(2245, '44', '44'),
(2246, '44', '45'),
(2247, '44', '46'),
(2248, '44', '47'),
(2249, '44', '48'),
(2250, '44', '49'),
(2251, '45', '0'),
(2252, '45', '1'),
(2253, '45', '2'),
(2254, '45', '3'),
(2255, '45', '4'),
(2256, '45', '5'),
(2257, '45', '6'),
(2258, '45', '7'),
(2259, '45', '8'),
(2260, '45', '9'),
(2261, '45', '10'),
(2262, '45', '11'),
(2263, '45', '12'),
(2264, '45', '13'),
(2265, '45', '14'),
(2266, '45', '15'),
(2267, '45', '16'),
(2268, '45', '17'),
(2269, '45', '18'),
(2270, '45', '19'),
(2271, '45', '20'),
(2272, '45', '21'),
(2273, '45', '22'),
(2274, '45', '23'),
(2275, '45', '24'),
(2276, '45', '25'),
(2277, '45', '26'),
(2278, '45', '27'),
(2279, '45', '28'),
(2280, '45', '29'),
(2281, '45', '30'),
(2282, '45', '31'),
(2283, '45', '32'),
(2284, '45', '33'),
(2285, '45', '34'),
(2286, '45', '35'),
(2287, '45', '36'),
(2288, '45', '37'),
(2289, '45', '38'),
(2290, '45', '39'),
(2291, '45', '40'),
(2292, '45', '41'),
(2293, '45', '42'),
(2294, '45', '43'),
(2295, '45', '44'),
(2296, '45', '45'),
(2297, '45', '46'),
(2298, '45', '47'),
(2299, '45', '48'),
(2300, '45', '49'),
(2301, '46', '0'),
(2302, '46', '1'),
(2303, '46', '2'),
(2304, '46', '3'),
(2305, '46', '4'),
(2306, '46', '5'),
(2307, '46', '6'),
(2308, '46', '7'),
(2309, '46', '8'),
(2310, '46', '9'),
(2311, '46', '10'),
(2312, '46', '11'),
(2313, '46', '12'),
(2314, '46', '13'),
(2315, '46', '14'),
(2316, '46', '15'),
(2317, '46', '16'),
(2318, '46', '17'),
(2319, '46', '18'),
(2320, '46', '19'),
(2321, '46', '20'),
(2322, '46', '21'),
(2323, '46', '22'),
(2324, '46', '23'),
(2325, '46', '24'),
(2326, '46', '25'),
(2327, '46', '26'),
(2328, '46', '27'),
(2329, '46', '28'),
(2330, '46', '29'),
(2331, '46', '30'),
(2332, '46', '31'),
(2333, '46', '32'),
(2334, '46', '33'),
(2335, '46', '34'),
(2336, '46', '35'),
(2337, '46', '36'),
(2338, '46', '37'),
(2339, '46', '38'),
(2340, '46', '39'),
(2341, '46', '40'),
(2342, '46', '41'),
(2343, '46', '42'),
(2344, '46', '43'),
(2345, '46', '44'),
(2346, '46', '45'),
(2347, '46', '46'),
(2348, '46', '47'),
(2349, '46', '48'),
(2350, '46', '49'),
(2351, '47', '0'),
(2352, '47', '1'),
(2353, '47', '2'),
(2354, '47', '3'),
(2355, '47', '4'),
(2356, '47', '5'),
(2357, '47', '6'),
(2358, '47', '7'),
(2359, '47', '8'),
(2360, '47', '9'),
(2361, '47', '10'),
(2362, '47', '11'),
(2363, '47', '12'),
(2364, '47', '13'),
(2365, '47', '14'),
(2366, '47', '15'),
(2367, '47', '16'),
(2368, '47', '17'),
(2369, '47', '18'),
(2370, '47', '19'),
(2371, '47', '20'),
(2372, '47', '21'),
(2373, '47', '22'),
(2374, '47', '23'),
(2375, '47', '24'),
(2376, '47', '25'),
(2377, '47', '26'),
(2378, '47', '27'),
(2379, '47', '28'),
(2380, '47', '29'),
(2381, '47', '30'),
(2382, '47', '31'),
(2383, '47', '32'),
(2384, '47', '33'),
(2385, '47', '34'),
(2386, '47', '35'),
(2387, '47', '36'),
(2388, '47', '37'),
(2389, '47', '38'),
(2390, '47', '39'),
(2391, '47', '40'),
(2392, '47', '41'),
(2393, '47', '42'),
(2394, '47', '43'),
(2395, '47', '44'),
(2396, '47', '45'),
(2397, '47', '46'),
(2398, '47', '47'),
(2399, '47', '48'),
(2400, '47', '49'),
(2401, '48', '0'),
(2402, '48', '1'),
(2403, '48', '2'),
(2404, '48', '3'),
(2405, '48', '4'),
(2406, '48', '5'),
(2407, '48', '6'),
(2408, '48', '7'),
(2409, '48', '8'),
(2410, '48', '9'),
(2411, '48', '10'),
(2412, '48', '11'),
(2413, '48', '12'),
(2414, '48', '13'),
(2415, '48', '14'),
(2416, '48', '15'),
(2417, '48', '16'),
(2418, '48', '17'),
(2419, '48', '18'),
(2420, '48', '19'),
(2421, '48', '20'),
(2422, '48', '21'),
(2423, '48', '22'),
(2424, '48', '23'),
(2425, '48', '24'),
(2426, '48', '25'),
(2427, '48', '26'),
(2428, '48', '27'),
(2429, '48', '28'),
(2430, '48', '29'),
(2431, '48', '30'),
(2432, '48', '31'),
(2433, '48', '32'),
(2434, '48', '33'),
(2435, '48', '34'),
(2436, '48', '35'),
(2437, '48', '36'),
(2438, '48', '37'),
(2439, '48', '38'),
(2440, '48', '39'),
(2441, '48', '40'),
(2442, '48', '41'),
(2443, '48', '42'),
(2444, '48', '43'),
(2445, '48', '44'),
(2446, '48', '45'),
(2447, '48', '46'),
(2448, '48', '47'),
(2449, '48', '48'),
(2450, '48', '49'),
(2451, '49', '0'),
(2452, '49', '1'),
(2453, '49', '2'),
(2454, '49', '3'),
(2455, '49', '4'),
(2456, '49', '5'),
(2457, '49', '6'),
(2458, '49', '7'),
(2459, '49', '8'),
(2460, '49', '9'),
(2461, '49', '10'),
(2462, '49', '11'),
(2463, '49', '12'),
(2464, '49', '13'),
(2465, '49', '14'),
(2466, '49', '15'),
(2467, '49', '16'),
(2468, '49', '17'),
(2469, '49', '18'),
(2470, '49', '19'),
(2471, '49', '20'),
(2472, '49', '21'),
(2473, '49', '22'),
(2474, '49', '23'),
(2475, '49', '24'),
(2476, '49', '25'),
(2477, '49', '26'),
(2478, '49', '27'),
(2479, '49', '28'),
(2480, '49', '29'),
(2481, '49', '30'),
(2482, '49', '31'),
(2483, '49', '32'),
(2484, '49', '33'),
(2485, '49', '34'),
(2486, '49', '35'),
(2487, '49', '36'),
(2488, '49', '37'),
(2489, '49', '38'),
(2490, '49', '39'),
(2491, '49', '40'),
(2492, '49', '41'),
(2493, '49', '42'),
(2494, '49', '43'),
(2495, '49', '44'),
(2496, '49', '45'),
(2497, '49', '46'),
(2498, '49', '47'),
(2499, '49', '48'),
(2500, '49', '49');

-- --------------------------------------------------------

--
-- Structure de la table `produit`
--

CREATE TABLE `produit` (
  `idProduit` int(11) NOT NULL,
  `nomProduit` varchar(25) DEFAULT NULL,
  `descriptionProduit` varchar(100) DEFAULT NULL,
  `prixProduit` float DEFAULT NULL
) ENGINE=InnoDB DEFAULT CHARSET=latin1;

--
-- Contenu de la table `produit`
--

INSERT INTO `produit` (`idProduit`, `nomProduit`, `descriptionProduit`, `prixProduit`) VALUES
(1, 'Soda Cola 50 cl', 'Au bon goût de cola, plein de bulles', 3.5),
(2, 'Eau plate 50 cl', 'En direct des vallées des volcans', 1.5),
(3, 'Bonbons 200 gr', 'Hum du sucre !', 4.5),
(4, 'Popcorn 600 gr', 'Le classique à ne jamais oublier', 6);

-- --------------------------------------------------------

--
-- Structure de la table `seance`
--

CREATE TABLE `seance` (
  `idSeance` int(11) NOT NULL,
  `idFilm` int(11) DEFAULT NULL
) ENGINE=InnoDB DEFAULT CHARSET=latin1;

--
-- Contenu de la table `seance`
--

INSERT INTO `seance` (`idSeance`, `idFilm`) VALUES
(1, 1),
(4, 1),
(7, 1),
(10, 1),
(13, 1),
(16, 1),
(19, 1),
(22, 1),
(25, 1),
(28, 1),
(31, 1),
(34, 1),
(37, 1),
(40, 1),
(43, 1),
(46, 1),
(49, 1),
(52, 1),
(55, 1),
(58, 1),
(61, 1),
(64, 1),
(67, 1),
(70, 1),
(73, 1),
(76, 1),
(79, 1),
(82, 1),
(85, 1),
(88, 1),
(91, 1),
(94, 1),
(97, 1),
(100, 1),
(103, 1),
(106, 1),
(109, 1),
(112, 1),
(115, 1),
(118, 1),
(121, 1),
(124, 1),
(127, 1),
(130, 1),
(133, 1),
(136, 1),
(139, 1),
(142, 1),
(145, 1),
(148, 1),
(151, 1),
(154, 1),
(157, 1),
(160, 1),
(163, 1),
(166, 1),
(169, 1),
(172, 1),
(175, 1),
(178, 1),
(181, 1),
(184, 1),
(187, 1),
(190, 1),
(193, 1),
(196, 1),
(199, 1),
(202, 1),
(205, 1),
(208, 1),
(211, 1),
(214, 1),
(217, 1),
(220, 1),
(223, 1),
(226, 1),
(229, 1),
(232, 1),
(235, 1),
(238, 1),
(241, 1),
(244, 1),
(247, 1),
(250, 1),
(253, 1),
(256, 1),
(259, 1),
(262, 1),
(265, 1),
(268, 1),
(271, 1),
(274, 1),
(277, 1),
(280, 1),
(283, 1),
(286, 1),
(289, 1),
(292, 1),
(295, 1),
(298, 1),
(301, 1),
(304, 1),
(307, 1),
(310, 1),
(313, 1),
(316, 1),
(319, 1),
(322, 1),
(325, 1),
(328, 1),
(331, 1),
(334, 1),
(337, 1),
(340, 1),
(343, 1),
(346, 1),
(349, 1),
(352, 1),
(355, 1),
(358, 1),
(361, 1),
(364, 1),
(367, 1),
(370, 1),
(373, 1),
(376, 1),
(379, 1),
(382, 1),
(385, 1),
(388, 1),
(391, 1),
(394, 1),
(397, 1),
(400, 1),
(403, 1),
(406, 1),
(409, 1),
(412, 1),
(415, 1),
(418, 1),
(421, 1),
(424, 1),
(427, 1),
(430, 1),
(433, 1),
(436, 1),
(439, 1),
(442, 1),
(445, 1),
(448, 1),
(451, 1),
(454, 1),
(457, 1),
(460, 1),
(463, 1),
(466, 1),
(469, 1),
(472, 1),
(475, 1),
(478, 1),
(481, 1),
(484, 1),
(487, 1),
(490, 1),
(493, 1),
(496, 1),
(499, 1),
(502, 1),
(505, 1),
(508, 1),
(511, 1),
(514, 1),
(517, 1),
(520, 1),
(523, 1),
(526, 1),
(529, 1),
(532, 1),
(535, 1),
(538, 1),
(541, 1),
(544, 1),
(547, 1),
(550, 1),
(553, 1),
(556, 1),
(559, 1),
(562, 1),
(565, 1),
(568, 1),
(571, 1),
(574, 1),
(577, 1),
(580, 1),
(583, 1),
(586, 1),
(589, 1),
(592, 1),
(595, 1),
(598, 1),
(601, 1),
(604, 1),
(607, 1),
(610, 1),
(613, 1),
(616, 1),
(619, 1),
(622, 1),
(625, 1),
(628, 1),
(631, 1),
(634, 1),
(637, 1),
(640, 1),
(643, 1),
(646, 1),
(649, 1),
(652, 1),
(655, 1),
(658, 1),
(661, 1),
(664, 1),
(667, 1),
(670, 1),
(673, 1),
(676, 1),
(679, 1),
(682, 1),
(685, 1),
(688, 1),
(691, 1),
(694, 1),
(697, 1),
(700, 1),
(703, 1),
(706, 1),
(709, 1),
(712, 1),
(715, 1),
(718, 1),
(721, 1),
(724, 1),
(727, 1),
(730, 1),
(733, 1),
(736, 1),
(739, 1),
(742, 1),
(745, 1),
(748, 1),
(751, 1),
(754, 1),
(757, 1),
(760, 1),
(763, 1),
(766, 1),
(769, 1),
(772, 1),
(775, 1),
(778, 1),
(781, 1),
(784, 1),
(787, 1),
(790, 1),
(793, 1),
(796, 1),
(799, 1),
(802, 1),
(805, 1),
(808, 1),
(811, 1),
(814, 1),
(817, 1),
(820, 1),
(823, 1),
(826, 1),
(829, 1),
(832, 1),
(835, 1),
(838, 1),
(841, 1),
(844, 1),
(847, 1),
(850, 1),
(853, 1),
(856, 1),
(859, 1),
(862, 1),
(865, 1),
(868, 1),
(871, 1),
(874, 1),
(877, 1),
(880, 1),
(883, 1),
(886, 1),
(889, 1),
(892, 1),
(895, 1),
(898, 1),
(901, 1),
(904, 1),
(907, 1),
(910, 1),
(913, 1),
(916, 1),
(919, 1),
(922, 1),
(925, 1),
(928, 1),
(931, 1),
(934, 1),
(937, 1),
(940, 1),
(943, 1),
(946, 1),
(949, 1),
(952, 1),
(955, 1),
(958, 1),
(961, 1),
(964, 1),
(967, 1),
(970, 1),
(973, 1),
(976, 1),
(979, 1),
(982, 1),
(985, 1),
(988, 1),
(991, 1),
(994, 1),
(997, 1),
(1000, 1),
(1003, 1),
(1006, 1),
(1009, 1),
(1012, 1),
(1015, 1),
(1018, 1),
(1021, 1),
(1024, 1),
(1027, 1),
(1030, 1),
(1033, 1),
(1036, 1),
(1039, 1),
(1042, 1),
(1045, 1),
(1048, 1),
(1051, 1),
(1054, 1),
(1057, 1),
(1060, 1),
(1063, 1),
(1066, 1),
(1069, 1),
(1072, 1),
(1075, 1),
(1078, 1),
(1081, 1),
(1084, 1),
(1087, 1),
(1090, 1),
(1093, 1),
(1096, 1),
(1099, 1),
(1102, 1),
(1105, 1),
(1108, 1),
(1111, 1),
(1114, 1),
(1117, 1),
(1120, 1),
(1123, 1),
(1126, 1),
(1129, 1),
(1132, 1),
(1135, 1),
(1138, 1),
(1141, 1),
(1144, 1),
(1147, 1),
(1150, 1),
(1153, 1),
(1156, 1),
(1159, 1),
(1162, 1),
(1165, 1),
(1168, 1),
(1171, 1),
(1174, 1),
(1177, 1),
(1180, 1),
(1183, 1),
(1186, 1),
(1189, 1),
(1192, 1),
(1195, 1),
(1198, 1),
(1201, 1),
(1204, 1),
(1207, 1),
(1210, 1),
(1213, 1),
(1216, 1),
(1219, 1),
(1222, 1),
(1225, 1),
(1228, 1),
(1231, 1),
(1234, 1),
(1237, 1),
(1240, 1),
(1243, 1),
(1246, 1),
(1249, 1),
(1252, 1),
(1255, 1),
(1258, 1),
(1261, 1),
(1264, 1),
(1267, 1),
(1270, 1),
(1273, 1),
(1276, 1),
(1279, 1),
(1282, 1),
(1285, 1),
(1288, 1),
(1291, 1),
(1294, 1),
(1297, 1),
(1300, 1),
(1303, 1),
(1306, 1),
(1309, 1),
(1312, 1),
(1315, 1),
(1318, 1),
(1321, 1),
(1324, 1),
(1327, 1),
(1330, 1),
(1333, 1),
(1336, 1),
(1339, 1),
(1342, 1),
(1345, 1),
(1348, 1),
(1351, 1),
(1354, 1),
(1357, 1),
(1360, 1),
(1363, 1),
(1366, 1),
(1369, 1),
(1372, 1),
(1375, 1),
(1378, 1),
(1381, 1),
(1384, 1),
(1387, 1),
(1390, 1),
(1393, 1),
(1396, 1),
(1399, 1),
(1402, 1),
(1405, 1),
(1408, 1),
(1411, 1),
(1414, 1),
(1417, 1),
(1420, 1),
(1423, 1),
(1426, 1),
(1429, 1),
(1432, 1),
(1435, 1),
(1438, 1),
(1441, 1),
(1444, 1),
(1447, 1),
(1450, 1),
(1453, 1),
(1456, 1),
(1459, 1),
(1462, 1),
(1465, 1),
(1468, 1),
(1471, 1),
(1474, 1),
(1477, 1),
(1480, 1),
(1483, 1),
(1486, 1),
(1489, 1),
(1492, 1),
(1495, 1),
(1498, 1),
(1501, 1),
(1504, 1),
(1507, 1),
(1510, 1),
(1513, 1),
(1516, 1),
(1519, 1),
(1522, 1),
(1525, 1),
(1528, 1),
(1531, 1),
(1534, 1),
(1537, 1),
(1540, 1),
(1543, 1),
(1546, 1),
(1549, 1),
(1552, 1),
(1555, 1),
(1558, 1),
(1561, 1),
(1564, 1),
(1567, 1),
(1570, 1),
(1573, 1),
(1576, 1),
(1579, 1),
(1582, 1),
(1585, 1),
(1588, 1),
(1591, 1),
(1594, 1),
(1597, 1),
(1600, 1),
(1603, 1),
(1606, 1),
(1609, 1),
(1612, 1),
(1615, 1),
(1618, 1),
(2, 2),
(5, 2),
(8, 2),
(11, 2),
(14, 2),
(17, 2),
(20, 2),
(23, 2),
(26, 2),
(29, 2),
(32, 2),
(35, 2),
(38, 2),
(41, 2),
(44, 2),
(47, 2),
(50, 2),
(53, 2),
(56, 2),
(59, 2),
(62, 2),
(65, 2),
(68, 2),
(71, 2),
(74, 2),
(77, 2),
(80, 2),
(83, 2),
(86, 2),
(89, 2),
(92, 2),
(95, 2),
(98, 2),
(101, 2),
(104, 2),
(107, 2),
(110, 2),
(113, 2),
(116, 2),
(119, 2),
(122, 2),
(125, 2),
(128, 2),
(131, 2),
(134, 2),
(137, 2),
(140, 2),
(143, 2),
(146, 2),
(149, 2),
(152, 2),
(155, 2),
(158, 2),
(161, 2),
(164, 2),
(167, 2),
(170, 2),
(173, 2),
(176, 2),
(179, 2),
(182, 2),
(185, 2),
(188, 2),
(191, 2),
(194, 2),
(197, 2),
(200, 2),
(203, 2),
(206, 2),
(209, 2),
(212, 2),
(215, 2),
(218, 2),
(221, 2),
(224, 2),
(227, 2),
(230, 2),
(233, 2),
(236, 2),
(239, 2),
(242, 2),
(245, 2),
(248, 2),
(251, 2),
(254, 2),
(257, 2),
(260, 2),
(263, 2),
(266, 2),
(269, 2),
(272, 2),
(275, 2),
(278, 2),
(281, 2),
(284, 2),
(287, 2),
(290, 2),
(293, 2),
(296, 2),
(299, 2),
(302, 2),
(305, 2),
(308, 2),
(311, 2),
(314, 2),
(317, 2),
(320, 2),
(323, 2),
(326, 2),
(329, 2),
(332, 2),
(335, 2),
(338, 2),
(341, 2),
(344, 2),
(347, 2),
(350, 2),
(353, 2),
(356, 2),
(359, 2),
(362, 2),
(365, 2),
(368, 2),
(371, 2),
(374, 2),
(377, 2),
(380, 2),
(383, 2),
(386, 2),
(389, 2),
(392, 2),
(395, 2),
(398, 2),
(401, 2),
(404, 2),
(407, 2),
(410, 2),
(413, 2),
(416, 2),
(419, 2),
(422, 2),
(425, 2),
(428, 2),
(431, 2),
(434, 2),
(437, 2),
(440, 2),
(443, 2),
(446, 2),
(449, 2),
(452, 2),
(455, 2),
(458, 2),
(461, 2),
(464, 2),
(467, 2),
(470, 2),
(473, 2),
(476, 2),
(479, 2),
(482, 2),
(485, 2),
(488, 2),
(491, 2),
(494, 2),
(497, 2),
(500, 2),
(503, 2),
(506, 2),
(509, 2),
(512, 2),
(515, 2),
(518, 2),
(521, 2),
(524, 2),
(527, 2),
(530, 2),
(533, 2),
(536, 2),
(539, 2),
(542, 2),
(545, 2),
(548, 2),
(551, 2),
(554, 2),
(557, 2),
(560, 2),
(563, 2),
(566, 2),
(569, 2),
(572, 2),
(575, 2),
(578, 2),
(581, 2),
(584, 2),
(587, 2),
(590, 2),
(593, 2),
(596, 2),
(599, 2),
(602, 2),
(605, 2),
(608, 2),
(611, 2),
(614, 2),
(617, 2),
(620, 2),
(623, 2),
(626, 2),
(629, 2),
(632, 2),
(635, 2),
(638, 2),
(641, 2),
(644, 2),
(647, 2),
(650, 2),
(653, 2),
(656, 2),
(659, 2),
(662, 2),
(665, 2),
(668, 2),
(671, 2),
(674, 2),
(677, 2),
(680, 2),
(683, 2),
(686, 2),
(689, 2),
(692, 2),
(695, 2),
(698, 2),
(701, 2),
(704, 2),
(707, 2),
(710, 2),
(713, 2),
(716, 2),
(719, 2),
(722, 2),
(725, 2),
(728, 2),
(731, 2),
(734, 2),
(737, 2),
(740, 2),
(743, 2),
(746, 2),
(749, 2),
(752, 2),
(755, 2),
(758, 2),
(761, 2),
(764, 2),
(767, 2),
(770, 2),
(773, 2),
(776, 2),
(779, 2),
(782, 2),
(785, 2),
(788, 2),
(791, 2),
(794, 2),
(797, 2),
(800, 2),
(803, 2),
(806, 2),
(809, 2),
(812, 2),
(815, 2),
(818, 2),
(821, 2),
(824, 2),
(827, 2),
(830, 2),
(833, 2),
(836, 2),
(839, 2),
(842, 2),
(845, 2),
(848, 2),
(851, 2),
(854, 2),
(857, 2),
(860, 2),
(863, 2),
(866, 2),
(869, 2),
(872, 2),
(875, 2),
(878, 2),
(881, 2),
(884, 2),
(887, 2),
(890, 2),
(893, 2),
(896, 2),
(899, 2),
(902, 2),
(905, 2),
(908, 2),
(911, 2),
(914, 2),
(917, 2),
(920, 2),
(923, 2),
(926, 2),
(929, 2),
(932, 2),
(935, 2),
(938, 2),
(941, 2),
(944, 2),
(947, 2),
(950, 2),
(953, 2),
(956, 2),
(959, 2),
(962, 2),
(965, 2),
(968, 2),
(971, 2),
(974, 2),
(977, 2),
(980, 2),
(983, 2),
(986, 2),
(989, 2),
(992, 2),
(995, 2),
(998, 2),
(1001, 2),
(1004, 2),
(1007, 2),
(1010, 2),
(1013, 2),
(1016, 2),
(1019, 2),
(1022, 2),
(1025, 2),
(1028, 2),
(1031, 2),
(1034, 2),
(1037, 2),
(1040, 2),
(1043, 2),
(1046, 2),
(1049, 2),
(1052, 2),
(1055, 2),
(1058, 2),
(1061, 2),
(1064, 2),
(1067, 2),
(1070, 2),
(1073, 2),
(1076, 2),
(1079, 2),
(1082, 2),
(1085, 2),
(1088, 2),
(1091, 2),
(1094, 2),
(1097, 2),
(1100, 2),
(1103, 2),
(1106, 2),
(1109, 2),
(1112, 2),
(1115, 2),
(1118, 2),
(1121, 2),
(1124, 2),
(1127, 2),
(1130, 2),
(1133, 2),
(1136, 2),
(1139, 2),
(1142, 2),
(1145, 2),
(1148, 2),
(1151, 2),
(1154, 2),
(1157, 2),
(1160, 2),
(1163, 2),
(1166, 2),
(1169, 2),
(1172, 2),
(1175, 2),
(1178, 2),
(1181, 2),
(1184, 2),
(1187, 2),
(1190, 2),
(1193, 2),
(1196, 2),
(1199, 2),
(1202, 2),
(1205, 2),
(1208, 2),
(1211, 2),
(1214, 2),
(1217, 2),
(1220, 2),
(1223, 2),
(1226, 2),
(1229, 2),
(1232, 2),
(1235, 2),
(1238, 2),
(1241, 2),
(1244, 2),
(1247, 2),
(1250, 2),
(1253, 2),
(1256, 2),
(1259, 2),
(1262, 2),
(1265, 2),
(1268, 2),
(1271, 2),
(1274, 2),
(1277, 2),
(1280, 2),
(1283, 2),
(1286, 2),
(1289, 2),
(1292, 2),
(1295, 2),
(1298, 2),
(1301, 2),
(1304, 2),
(1307, 2),
(1310, 2),
(1313, 2),
(1316, 2),
(1319, 2),
(1322, 2),
(1325, 2),
(1328, 2),
(1331, 2),
(1334, 2),
(1337, 2),
(1340, 2),
(1343, 2),
(1346, 2),
(1349, 2),
(1352, 2),
(1355, 2),
(1358, 2),
(1361, 2),
(1364, 2),
(1367, 2),
(1370, 2),
(1373, 2),
(1376, 2),
(1379, 2),
(1382, 2),
(1385, 2),
(1388, 2),
(1391, 2),
(1394, 2),
(1397, 2),
(1400, 2),
(1403, 2),
(1406, 2),
(1409, 2),
(1412, 2),
(1415, 2),
(1418, 2),
(1421, 2),
(1424, 2),
(1427, 2),
(1430, 2),
(1433, 2),
(1436, 2),
(1439, 2),
(1442, 2),
(1445, 2),
(1448, 2),
(1451, 2),
(1454, 2),
(1457, 2),
(1460, 2),
(1463, 2),
(1466, 2),
(1469, 2),
(1472, 2),
(1475, 2),
(1478, 2),
(1481, 2),
(1484, 2),
(1487, 2),
(1490, 2),
(1493, 2),
(1496, 2),
(1499, 2),
(1502, 2),
(1505, 2),
(1508, 2),
(1511, 2),
(1514, 2),
(1517, 2),
(1520, 2),
(1523, 2),
(1526, 2),
(1529, 2),
(1532, 2),
(1535, 2),
(1538, 2),
(1541, 2),
(1544, 2),
(1547, 2),
(1550, 2),
(1553, 2),
(1556, 2),
(1559, 2),
(1562, 2),
(1565, 2),
(1568, 2),
(1571, 2),
(1574, 2),
(1577, 2),
(1580, 2),
(1583, 2),
(1586, 2),
(1589, 2),
(1592, 2),
(1595, 2),
(1598, 2),
(1601, 2),
(1604, 2),
(1607, 2),
(1610, 2),
(1613, 2),
(1616, 2),
(1619, 2),
(3, 3),
(6, 3),
(9, 3),
(12, 3),
(15, 3),
(18, 3),
(21, 3),
(24, 3),
(27, 3),
(30, 3),
(33, 3),
(36, 3),
(39, 3),
(42, 3),
(45, 3),
(48, 3),
(51, 3),
(54, 3),
(57, 3),
(60, 3),
(63, 3),
(66, 3),
(69, 3),
(72, 3),
(75, 3),
(78, 3),
(81, 3),
(84, 3),
(87, 3),
(90, 3),
(93, 3),
(96, 3),
(99, 3),
(102, 3),
(105, 3),
(108, 3),
(111, 3),
(114, 3),
(117, 3),
(120, 3),
(123, 3),
(126, 3),
(129, 3),
(132, 3),
(135, 3),
(138, 3),
(141, 3),
(144, 3),
(147, 3),
(150, 3),
(153, 3),
(156, 3),
(159, 3),
(162, 3),
(165, 3),
(168, 3),
(171, 3),
(174, 3),
(177, 3),
(180, 3),
(183, 3),
(186, 3),
(189, 3),
(192, 3),
(195, 3),
(198, 3),
(201, 3),
(204, 3),
(207, 3),
(210, 3),
(213, 3),
(216, 3),
(219, 3),
(222, 3),
(225, 3),
(228, 3),
(231, 3),
(234, 3),
(237, 3),
(240, 3),
(243, 3),
(246, 3),
(249, 3),
(252, 3),
(255, 3),
(258, 3),
(261, 3),
(264, 3),
(267, 3),
(270, 3),
(273, 3),
(276, 3),
(279, 3),
(282, 3),
(285, 3),
(288, 3),
(291, 3),
(294, 3),
(297, 3),
(300, 3),
(303, 3),
(306, 3),
(309, 3),
(312, 3),
(315, 3),
(318, 3),
(321, 3),
(324, 3),
(327, 3),
(330, 3),
(333, 3),
(336, 3),
(339, 3),
(342, 3),
(345, 3),
(348, 3),
(351, 3),
(354, 3),
(357, 3),
(360, 3),
(363, 3),
(366, 3),
(369, 3),
(372, 3),
(375, 3),
(378, 3),
(381, 3),
(384, 3),
(387, 3),
(390, 3),
(393, 3),
(396, 3),
(399, 3),
(402, 3),
(405, 3),
(408, 3),
(411, 3),
(414, 3),
(417, 3),
(420, 3),
(423, 3),
(426, 3),
(429, 3),
(432, 3),
(435, 3),
(438, 3),
(441, 3),
(444, 3),
(447, 3),
(450, 3),
(453, 3),
(456, 3),
(459, 3),
(462, 3),
(465, 3),
(468, 3),
(471, 3),
(474, 3),
(477, 3),
(480, 3),
(483, 3),
(486, 3),
(489, 3),
(492, 3),
(495, 3),
(498, 3),
(501, 3),
(504, 3),
(507, 3),
(510, 3),
(513, 3),
(516, 3),
(519, 3),
(522, 3),
(525, 3),
(528, 3),
(531, 3),
(534, 3),
(537, 3),
(540, 3),
(543, 3),
(546, 3),
(549, 3),
(552, 3),
(555, 3),
(558, 3),
(561, 3),
(564, 3),
(567, 3),
(570, 3),
(573, 3),
(576, 3),
(579, 3),
(582, 3),
(585, 3),
(588, 3),
(591, 3),
(594, 3),
(597, 3),
(600, 3),
(603, 3),
(606, 3),
(609, 3),
(612, 3),
(615, 3),
(618, 3),
(621, 3),
(624, 3),
(627, 3),
(630, 3),
(633, 3),
(636, 3),
(639, 3),
(642, 3),
(645, 3),
(648, 3),
(651, 3),
(654, 3),
(657, 3),
(660, 3),
(663, 3),
(666, 3),
(669, 3),
(672, 3),
(675, 3),
(678, 3),
(681, 3),
(684, 3),
(687, 3),
(690, 3),
(693, 3),
(696, 3),
(699, 3),
(702, 3),
(705, 3),
(708, 3),
(711, 3),
(714, 3),
(717, 3),
(720, 3),
(723, 3),
(726, 3),
(729, 3),
(732, 3),
(735, 3),
(738, 3),
(741, 3),
(744, 3),
(747, 3),
(750, 3),
(753, 3),
(756, 3),
(759, 3),
(762, 3),
(765, 3),
(768, 3),
(771, 3),
(774, 3),
(777, 3),
(780, 3),
(783, 3),
(786, 3),
(789, 3),
(792, 3),
(795, 3),
(798, 3),
(801, 3),
(804, 3),
(807, 3),
(810, 3),
(813, 3),
(816, 3),
(819, 3),
(822, 3),
(825, 3),
(828, 3),
(831, 3),
(834, 3),
(837, 3),
(840, 3),
(843, 3),
(846, 3),
(849, 3),
(852, 3),
(855, 3),
(858, 3),
(861, 3),
(864, 3),
(867, 3),
(870, 3),
(873, 3),
(876, 3),
(879, 3),
(882, 3),
(885, 3),
(888, 3),
(891, 3),
(894, 3),
(897, 3),
(900, 3),
(903, 3),
(906, 3),
(909, 3),
(912, 3),
(915, 3),
(918, 3),
(921, 3),
(924, 3),
(927, 3),
(930, 3),
(933, 3),
(936, 3),
(939, 3),
(942, 3),
(945, 3),
(948, 3),
(951, 3),
(954, 3),
(957, 3),
(960, 3),
(963, 3),
(966, 3),
(969, 3),
(972, 3),
(975, 3),
(978, 3),
(981, 3),
(984, 3),
(987, 3),
(990, 3),
(993, 3),
(996, 3),
(999, 3),
(1002, 3),
(1005, 3),
(1008, 3),
(1011, 3),
(1014, 3),
(1017, 3),
(1020, 3),
(1023, 3),
(1026, 3),
(1029, 3),
(1032, 3),
(1035, 3),
(1038, 3),
(1041, 3),
(1044, 3),
(1047, 3),
(1050, 3),
(1053, 3),
(1056, 3),
(1059, 3),
(1062, 3),
(1065, 3),
(1068, 3),
(1071, 3),
(1074, 3),
(1077, 3),
(1080, 3),
(1083, 3),
(1086, 3),
(1089, 3),
(1092, 3),
(1095, 3),
(1098, 3),
(1101, 3),
(1104, 3),
(1107, 3),
(1110, 3),
(1113, 3),
(1116, 3),
(1119, 3),
(1122, 3),
(1125, 3),
(1128, 3),
(1131, 3),
(1134, 3),
(1137, 3),
(1140, 3),
(1143, 3),
(1146, 3),
(1149, 3),
(1152, 3),
(1155, 3),
(1158, 3),
(1161, 3),
(1164, 3),
(1167, 3),
(1170, 3),
(1173, 3),
(1176, 3),
(1179, 3),
(1182, 3),
(1185, 3),
(1188, 3),
(1191, 3),
(1194, 3),
(1197, 3),
(1200, 3),
(1203, 3),
(1206, 3),
(1209, 3),
(1212, 3),
(1215, 3),
(1218, 3),
(1221, 3),
(1224, 3),
(1227, 3),
(1230, 3),
(1233, 3),
(1236, 3),
(1239, 3),
(1242, 3),
(1245, 3),
(1248, 3),
(1251, 3),
(1254, 3),
(1257, 3),
(1260, 3),
(1263, 3),
(1266, 3),
(1269, 3),
(1272, 3),
(1275, 3),
(1278, 3),
(1281, 3),
(1284, 3),
(1287, 3),
(1290, 3),
(1293, 3),
(1296, 3),
(1299, 3),
(1302, 3),
(1305, 3),
(1308, 3),
(1311, 3),
(1314, 3),
(1317, 3),
(1320, 3),
(1323, 3),
(1326, 3),
(1329, 3),
(1332, 3),
(1335, 3),
(1338, 3),
(1341, 3),
(1344, 3),
(1347, 3),
(1350, 3),
(1353, 3),
(1356, 3),
(1359, 3),
(1362, 3),
(1365, 3),
(1368, 3),
(1371, 3),
(1374, 3),
(1377, 3),
(1380, 3),
(1383, 3),
(1386, 3),
(1389, 3),
(1392, 3),
(1395, 3),
(1398, 3),
(1401, 3),
(1404, 3),
(1407, 3),
(1410, 3),
(1413, 3),
(1416, 3),
(1419, 3),
(1422, 3),
(1425, 3),
(1428, 3),
(1431, 3),
(1434, 3),
(1437, 3),
(1440, 3),
(1443, 3),
(1446, 3),
(1449, 3),
(1452, 3),
(1455, 3),
(1458, 3),
(1461, 3),
(1464, 3),
(1467, 3),
(1470, 3),
(1473, 3),
(1476, 3),
(1479, 3),
(1482, 3),
(1485, 3),
(1488, 3),
(1491, 3),
(1494, 3),
(1497, 3),
(1500, 3),
(1503, 3),
(1506, 3),
(1509, 3),
(1512, 3),
(1515, 3),
(1518, 3),
(1521, 3),
(1524, 3),
(1527, 3),
(1530, 3),
(1533, 3),
(1536, 3),
(1539, 3),
(1542, 3),
(1545, 3),
(1548, 3),
(1551, 3),
(1554, 3),
(1557, 3),
(1560, 3),
(1563, 3),
(1566, 3),
(1569, 3),
(1572, 3),
(1575, 3),
(1578, 3),
(1581, 3),
(1584, 3),
(1587, 3),
(1590, 3),
(1593, 3),
(1596, 3),
(1599, 3),
(1602, 3),
(1605, 3),
(1608, 3),
(1611, 3),
(1614, 3),
(1617, 3),
(1620, 3);

-- --------------------------------------------------------

--
-- Structure de la table `typecase`
--

CREATE TABLE `typecase` (
  `idTypeCase` int(11) NOT NULL,
  `nomTypeCase` varchar(50) DEFAULT NULL,
  `imgTypeCase` varchar(25) DEFAULT NULL
) ENGINE=InnoDB DEFAULT CHARSET=latin1;

--
-- Contenu de la table `typecase`
--

INSERT INTO `typecase` (`idTypeCase`, `nomTypeCase`, `imgTypeCase`) VALUES
(1, 'Entrée', NULL),
(2, 'Sortie', NULL),
(3, 'Couloir', NULL),
(4, 'Extincteur', NULL),
(5, 'Ecran', NULL),
(6, 'Normal', NULL),
(7, 'NormalRes', NULL),
(8, 'Handicapé', NULL),
(9, 'HandicapéRes', NULL);

-- --------------------------------------------------------

--
-- Structure de la table `ville`
--

CREATE TABLE `ville` (
  `idVille` int(11) NOT NULL,
  `nomVille` varchar(25) DEFAULT NULL,
  `cpVille` varchar(25) DEFAULT NULL
) ENGINE=InnoDB DEFAULT CHARSET=latin1;

--
-- Contenu de la table `ville`
--

INSERT INTO `ville` (`idVille`, `nomVille`, `cpVille`) VALUES
(1, 'Labège', '31670'),
(2, 'Toulouse', '31000'),
(3, '', ''),
(4, 'Paris', '95000');

--
-- Index pour les tables exportées
--

--
-- Index pour la table `ajouterproduit`
--
ALTER TABLE `ajouterproduit`
  ADD PRIMARY KEY (`IdPlace`,`idProduit`),
  ADD KEY `FK_AjouterProduit_idProduit` (`idProduit`);

--
-- Index pour la table `casesalle`
--
ALTER TABLE `casesalle`
  ADD PRIMARY KEY (`idCaseSalle`),
  ADD KEY `FK_CaseSalle_idPositionCase` (`idPositionCase`),
  ADD KEY `FK_CaseSalle_idTypeCase` (`idTypeCase`),
  ADD KEY `FK_CaseSalle_idPlanSalle` (`idPlanSalle`);

--
-- Index pour la table `cinema`
--
ALTER TABLE `cinema`
  ADD PRIMARY KEY (`idCinema`),
  ADD KEY `FK_Cinema_idVille` (`idVille`);

--
-- Index pour la table `client`
--
ALTER TABLE `client`
  ADD PRIMARY KEY (`idClient`),
  ADD KEY `FK_Client_idVille` (`idVille`);

--
-- Index pour la table `composerplace`
--
ALTER TABLE `composerplace`
  ADD PRIMARY KEY (`IdPlace`,`idCaseSalle`,`idSeance`),
  ADD KEY `FK_ComposerPlace_idCaseSalle` (`idCaseSalle`),
  ADD KEY `FK_ComposerPlace_idSeance` (`idSeance`);

--
-- Index pour la table `creerseance`
--
ALTER TABLE `creerseance`
  ADD PRIMARY KEY (`idCreneau`,`idPlanSalle`,`idDate`,`idSeance`),
  ADD KEY `FK_CreerSeance_idDate` (`idDate`),
  ADD KEY `FK_CreerSeance_idPlanSalle` (`idPlanSalle`),
  ADD KEY `FK_CreerSeance_idSeance` (`idSeance`);

--
-- Index pour la table `creneau`
--
ALTER TABLE `creneau`
  ADD PRIMARY KEY (`idCreneau`);

--
-- Index pour la table `date`
--
ALTER TABLE `date`
  ADD PRIMARY KEY (`idDate`);

--
-- Index pour la table `film`
--
ALTER TABLE `film`
  ADD PRIMARY KEY (`idFilm`);

--
-- Index pour la table `place`
--
ALTER TABLE `place`
  ADD PRIMARY KEY (`IdPlace`),
  ADD KEY `FK_Place_idClient` (`idClient`);

--
-- Index pour la table `plansalle`
--
ALTER TABLE `plansalle`
  ADD PRIMARY KEY (`idPlanSalle`),
  ADD KEY `FK_PlanSalle_idCinema` (`idCinema`);

--
-- Index pour la table `positioncase`
--
ALTER TABLE `positioncase`
  ADD PRIMARY KEY (`idPositionCase`);

--
-- Index pour la table `produit`
--
ALTER TABLE `produit`
  ADD PRIMARY KEY (`idProduit`);

--
-- Index pour la table `seance`
--
ALTER TABLE `seance`
  ADD PRIMARY KEY (`idSeance`),
  ADD KEY `FK_Seance_idFilm` (`idFilm`);

--
-- Index pour la table `typecase`
--
ALTER TABLE `typecase`
  ADD PRIMARY KEY (`idTypeCase`);

--
-- Index pour la table `ville`
--
ALTER TABLE `ville`
  ADD PRIMARY KEY (`idVille`);

--
-- AUTO_INCREMENT pour les tables exportées
--

--
-- AUTO_INCREMENT pour la table `casesalle`
--
ALTER TABLE `casesalle`
  MODIFY `idCaseSalle` int(11) NOT NULL AUTO_INCREMENT, AUTO_INCREMENT=217;
--
-- AUTO_INCREMENT pour la table `cinema`
--
ALTER TABLE `cinema`
  MODIFY `idCinema` int(11) NOT NULL AUTO_INCREMENT, AUTO_INCREMENT=3;
--
-- AUTO_INCREMENT pour la table `client`
--
ALTER TABLE `client`
  MODIFY `idClient` int(11) NOT NULL AUTO_INCREMENT, AUTO_INCREMENT=5;
--
-- AUTO_INCREMENT pour la table `creneau`
--
ALTER TABLE `creneau`
  MODIFY `idCreneau` int(11) NOT NULL AUTO_INCREMENT, AUTO_INCREMENT=4;
--
-- AUTO_INCREMENT pour la table `date`
--
ALTER TABLE `date`
  MODIFY `idDate` int(11) NOT NULL AUTO_INCREMENT, AUTO_INCREMENT=91;
--
-- AUTO_INCREMENT pour la table `film`
--
ALTER TABLE `film`
  MODIFY `idFilm` int(11) NOT NULL AUTO_INCREMENT, AUTO_INCREMENT=4;
--
-- AUTO_INCREMENT pour la table `place`
--
ALTER TABLE `place`
  MODIFY `IdPlace` int(11) NOT NULL AUTO_INCREMENT;
--
-- AUTO_INCREMENT pour la table `plansalle`
--
ALTER TABLE `plansalle`
  MODIFY `idPlanSalle` int(11) NOT NULL AUTO_INCREMENT, AUTO_INCREMENT=7;
--
-- AUTO_INCREMENT pour la table `positioncase`
--
ALTER TABLE `positioncase`
  MODIFY `idPositionCase` int(11) NOT NULL AUTO_INCREMENT, AUTO_INCREMENT=2501;
--
-- AUTO_INCREMENT pour la table `produit`
--
ALTER TABLE `produit`
  MODIFY `idProduit` int(11) NOT NULL AUTO_INCREMENT, AUTO_INCREMENT=5;
--
-- AUTO_INCREMENT pour la table `seance`
--
ALTER TABLE `seance`
  MODIFY `idSeance` int(11) NOT NULL AUTO_INCREMENT, AUTO_INCREMENT=1621;
--
-- AUTO_INCREMENT pour la table `typecase`
--
ALTER TABLE `typecase`
  MODIFY `idTypeCase` int(11) NOT NULL AUTO_INCREMENT, AUTO_INCREMENT=10;
--
-- AUTO_INCREMENT pour la table `ville`
--
ALTER TABLE `ville`
  MODIFY `idVille` int(11) NOT NULL AUTO_INCREMENT, AUTO_INCREMENT=5;
--
-- Contraintes pour les tables exportées
--

--
-- Contraintes pour la table `ajouterproduit`
--
ALTER TABLE `ajouterproduit`
  ADD CONSTRAINT `FK_AjouterProduit_IdPlace` FOREIGN KEY (`IdPlace`) REFERENCES `place` (`IdPlace`) ON DELETE CASCADE ON UPDATE CASCADE,
  ADD CONSTRAINT `FK_AjouterProduit_idProduit` FOREIGN KEY (`idProduit`) REFERENCES `produit` (`idProduit`) ON DELETE CASCADE ON UPDATE CASCADE;

--
-- Contraintes pour la table `casesalle`
--
ALTER TABLE `casesalle`
  ADD CONSTRAINT `FK_CaseSalle_idPlanSalle` FOREIGN KEY (`idPlanSalle`) REFERENCES `plansalle` (`idPlanSalle`) ON DELETE CASCADE ON UPDATE CASCADE,
  ADD CONSTRAINT `FK_CaseSalle_idPositionCase` FOREIGN KEY (`idPositionCase`) REFERENCES `positioncase` (`idPositionCase`),
  ADD CONSTRAINT `FK_CaseSalle_idTypeCase` FOREIGN KEY (`idTypeCase`) REFERENCES `typecase` (`idTypeCase`);

--
-- Contraintes pour la table `cinema`
--
ALTER TABLE `cinema`
  ADD CONSTRAINT `FK_Cinema_idVille` FOREIGN KEY (`idVille`) REFERENCES `ville` (`idVille`);

--
-- Contraintes pour la table `client`
--
ALTER TABLE `client`
  ADD CONSTRAINT `FK_Client_idVille` FOREIGN KEY (`idVille`) REFERENCES `ville` (`idVille`);

--
-- Contraintes pour la table `composerplace`
--
ALTER TABLE `composerplace`
  ADD CONSTRAINT `FK_ComposerPlace_IdPlace` FOREIGN KEY (`IdPlace`) REFERENCES `place` (`IdPlace`) ON DELETE CASCADE ON UPDATE CASCADE,
  ADD CONSTRAINT `FK_ComposerPlace_idCaseSalle` FOREIGN KEY (`idCaseSalle`) REFERENCES `casesalle` (`idCaseSalle`) ON DELETE CASCADE ON UPDATE CASCADE,
  ADD CONSTRAINT `FK_ComposerPlace_idSeance` FOREIGN KEY (`idSeance`) REFERENCES `seance` (`idSeance`) ON DELETE CASCADE ON UPDATE CASCADE;

--
-- Contraintes pour la table `creerseance`
--
ALTER TABLE `creerseance`
  ADD CONSTRAINT `FK_CreerSeance_idCreneau` FOREIGN KEY (`idCreneau`) REFERENCES `creneau` (`idCreneau`) ON DELETE CASCADE ON UPDATE CASCADE,
  ADD CONSTRAINT `FK_CreerSeance_idDate` FOREIGN KEY (`idDate`) REFERENCES `date` (`idDate`) ON DELETE CASCADE ON UPDATE CASCADE,
  ADD CONSTRAINT `FK_CreerSeance_idPlanSalle` FOREIGN KEY (`idPlanSalle`) REFERENCES `plansalle` (`idPlanSalle`) ON DELETE CASCADE ON UPDATE CASCADE,
  ADD CONSTRAINT `FK_CreerSeance_idSeance` FOREIGN KEY (`idSeance`) REFERENCES `seance` (`idSeance`) ON DELETE CASCADE ON UPDATE CASCADE;

--
-- Contraintes pour la table `place`
--
ALTER TABLE `place`
  ADD CONSTRAINT `FK_Place_idClient` FOREIGN KEY (`idClient`) REFERENCES `client` (`idClient`) ON DELETE CASCADE ON UPDATE CASCADE;

--
-- Contraintes pour la table `plansalle`
--
ALTER TABLE `plansalle`
  ADD CONSTRAINT `FK_PlanSalle_idCinema` FOREIGN KEY (`idCinema`) REFERENCES `cinema` (`idCinema`) ON DELETE CASCADE ON UPDATE CASCADE;

--
-- Contraintes pour la table `seance`
--
ALTER TABLE `seance`
  ADD CONSTRAINT `FK_Seance_idFilm` FOREIGN KEY (`idFilm`) REFERENCES `film` (`idFilm`);

/*!40101 SET CHARACTER_SET_CLIENT=@OLD_CHARACTER_SET_CLIENT */;
/*!40101 SET CHARACTER_SET_RESULTS=@OLD_CHARACTER_SET_RESULTS */;
/*!40101 SET COLLATION_CONNECTION=@OLD_COLLATION_CONNECTION */;
